Tema;Pregunta;Respuesta_A;Respuesta_B;Respuesta_C;Respuesta_D;Correcta;Justificacion
Actividad Comercial;¿Cuál es el objeto social de Renfe Viajeros SME, S.A.?;Fabricación de material rodante y su venta internacional.;Prestación de servicios de transporte de viajeros por ferrocarril, nacional e internacional, y mediación en servicios turísticos.;Gestión exclusiva de la infraestructura ferroviaria de interés general.;Supervisión de la seguridad ferroviaria en el ámbito europeo.;1;Título Preliminar
Actividad Comercial;¿Bajo qué principio fundamental presta Renfe Viajeros el servicio de transporte de viajeros?;Principio de máxima rentabilidad económica.;Principio de exclusividad territorial.;Principio de seguridad.;Principio de gratuidad para servicios OSP.;2;Título Preliminar
Actividad Comercial;¿Cuál de los siguientes es un servicio ferroviario considerado comercial?;Servicios de Cercanías de ancho métrico.;Alta Velocidad-Media Distancia.;Trenes Turísticos.;Regionales de Catalunya.;2;Título II, Capítulo 3
Actividad Comercial;¿Quién define los servicios sujetos a Obligaciones de Servicio Público (OSP) que debe prestar Renfe en la RFIG?;El Ministerio de Hacienda.;El Acuerdo del Consejo de Ministros.;La Agencia Estatal de Seguridad Ferroviaria.;El Parlamento Europeo exclusivamente.;1;Título II, Capítulo 3
Actividad Comercial;¿Qué norma nacional regula el sector ferroviario mencionado en las condiciones generales?;Ley 38/2015.;Ley 16/1987.;Real Decreto 121/2024.;Ley 4/2020.;0;Título II, Capítulo 3 / Anexo II
Actividad Comercial;En servicios con asignación de plaza, ¿cuál de estos datos NO es obligatorio en el título de transporte?;Número de tren.;Número de coche y plaza.;El peso y volumen del equipaje admitido (o indicación de consulta).;El estado civil del viajero.;3;Título III, Capítulo 1
Actividad Comercial;¿Cómo se calculan los gastos de gestión en la venta de títulos de servicios comerciales?;Como un porcentaje sobre el precio del transporte o un importe fijo.;Siempre son un importe fijo de 5 euros.;Como una tasa variable según el peso del viajero.;Están prohibidos por el Reglamento del Sector Ferroviario.;0;Título III, Capítulo 3
Actividad Comercial;¿Cuáles son las formas de pago admitidas por Renfe Viajeros?;Metálico, tarjetas de crédito/débito, puntos de fidelización y otras reguladas.;Solo tarjetas de crédito y transferencia bancaria.;Únicamente efectivo y Bizum.;No se admite el pago en metálico en ningún canal.;0;Título III, Capítulo 4
Actividad Comercial;¿En qué estaciones el viajero tiene derecho a celebrar el contrato de transporte?;En todas las estaciones de la red, incluso si el tren no tiene parada.;Desde o hasta cualquiera de las estaciones en las que se reciban o apeen viajeros en el viaje contratado.;Solo en las estaciones cabeceras de línea.;Únicamente en estaciones con personal de taquilla físico.;1;Título III, Capítulo 5
Actividad Comercial;¿Qué obligación tiene el viajero respecto a mendigar o vender bienes en los trenes?;Solo puede hacerlo si es para fines benéficos.;Debe abstenerse de hacerlo sin autorización expresa previa y por escrito de Renfe Viajeros.;Se permite si no molesta al resto de los viajeros.;Está permitido únicamente en trenes de Cercanías.;1;Título III, Capítulo 6
Actividad Comercial;¿Qué sucede si un cliente procede de una estación con venta de billetes cerrada temporalmente y sube al tren?;Se le cobra un recargo del 50%.;Debe abonar el importe del billete a Tarifa General/Base o precio de referencia sin recargo.;Se le expulsa del tren en la siguiente parada.;Se le multa con 100 euros obligatoriamente.;1;Título IV, Capítulo 2.1.1
Actividad Comercial;¿Quién es responsable de que una mascota cumpla las condiciones higiénico-sanitarias y de seguridad?;El personal de intervención del tren.;La empresa de limpieza contratada por Renfe.;La persona que viaje con la mascota.;El servicio de seguridad de la estación de origen.;2;Título V, Capítulo 1
Actividad Comercial;¿Hasta qué momento debe conservar el viajero el título de transporte?;Hasta que el revisor pase por primera vez.;Hasta que baje del coche del tren.;Desde la entrada en la estación de origen hasta la salida de la estación de destino.;Durante 15 días naturales tras el viaje.;2;Título III, Capítulo 1
Actividad Comercial;¿Dónde se encuentra el domicilio social de Renfe Viajeros SME, S.A.?;Madrid, Paseo de la Castellana 67.;Madrid, Avenida de Pío XII, nº 110.;Barcelona, Estación de Sants.;Sevilla, Estación de Santa Justa.;1;Anexo I
Actividad Comercial;¿Qué tipo de producto es AVLO?;Un tren nocturno de lujo.;Producto de Alta Velocidad-Larga Distancia con precios económicos.;Un servicio de Media Distancia para zonas rurales.;Un autobús lanzadera conectado a la estación.;1;Normativa Comercial AVLO (T.E. 7 I.1)
Actividad Comercial;¿En qué clase se comercializa el producto AVLO?;Clases Turista y Preferente.;Clases Estándar y Confort.;Clase Básica.;Clase Business única.;2;Normativa Comercial AVLO (T.E. 7 I.1)
Actividad Comercial;¿Cuál es el periodo de venta anticipada general para servicios AVLO?;3 meses.;6 meses.;12 meses.;24 meses.;2;Normativa Comercial AVLO (Gama Tarifaria)
Actividad Comercial;¿Qué porcentaje de gastos de gestión se aplica en las taquillas para billetes AVLO?;0%.;3,5%.;5,5%.;10%.;2;Normativa Comercial AVLO (Gastos de Gestión)
Actividad Comercial;¿Qué porcentaje de gastos de gestión se aplica en la App Renfe para AVLO?;3,5%.;5,5%.;0%.;1,5%.;2;Normativa Comercial AVLO (Gastos de Gestión)
Actividad Comercial;¿Qué particularidad tienen los billetes AVLO respecto a la titularidad?;Son billetes al portador.;Son nominativos.;Solo requieren nombre en grupos de más de 10.;Son transferibles mediante la App.;1;Normativa Comercial AVLO (Facsímil Billete)
Actividad Comercial;En AVLO, ¿cuándo finaliza el proceso de cierre de acceso al tren?;10 minutos antes de la salida.;5 minutos antes de la salida.;2 minutos antes de la salida.;En el momento exacto de la salida.;2;Normativa Comercial AVLO (Facsímil / Condiciones)
Actividad Comercial;¿Cuál es el peso máximo permitido para la suma de los 3 bultos de mano en viajes de grupo en AVLO?;15 kg.;20 kg.;25 kg.;30 kg.;2;Normativa Comercial AVLO (Equipajes)
Actividad Comercial;¿Qué descuento aplica la Tarjeta Ferroviaria para viajes de ocio en AVLO sobre la tarifa Básica?;15%.;25%.;30%.;50%.;2;Normativa Comercial AVLO (Tarifa Ferroviaria)
Actividad Comercial;¿Cuál es el código de tarifa AVLO para el Convenio con el Ministerio de Defensa (Organismo)?;AVLO-DEF.;LC177: Básica Organismo.;BORG-01.;T.E. 2-III.;1;Normativa Comercial AVLO (Convenios)
Actividad Comercial;¿Qué incluye el equipaje gratuito en AVLO?;2 maletas de 25kg cada una.;1 bolso de mano/mochila (27x36x25cm) + 1 maleta de cabina (55x35x25cm).;Solo un bolso de mano de dimensiones reducidas.;Maleta de cabina y derecho a transporte de bicicleta sin funda.;1;Normativa Comercial AVLO (Equipajes)
Actividad Comercial;¿Quién puede solicitar la Tarjeta Más Renfe?;Solo mayores de 18 años.;Cualquier persona mayor de 14 años.;Únicamente ciudadanos con nacionalidad española.;Empresas para sus empleados exclusivamente.;1;Programa de Fidelización Más Renfe
Actividad Comercial;¿Qué coste tiene la solicitud de la Tarjeta Más Renfe?;6 euros anuales.;10 euros por emisión.;Es totalmente gratuita.;Requiere un primer viaje de más de 50 euros.;2;Programa de Fidelización Más Renfe
Actividad Comercial;¿Cuáles son los niveles de la Tarjeta Más Renfe?;Bronce, Plata, Oro, Platino.;Clásica, Plata, Oro, Platino.;Estándar, Plus, Premium, VIP.;Básica, Plata, Oro, Diamante.;1;Programa de Fidelización Más Renfe
Actividad Comercial;¿A partir de qué momento el titular puede disponer de sus Puntos Renfe tras realizar un viaje?;Inmediatamente tras la compra.;A las 24 horas del viaje.;A las 48 horas de haber efectuado el viaje.;Al finalizar el mes natural.;2;Programa de Fidelización Más Renfe
Actividad Comercial;¿Cuándo caducan los Puntos Renfe de un titular nivel Platino?;A los 3 años.;Al finalizar el año natural.;No caducan mientras el titular permanezca en dicho nivel.;A los 5 años.;2;Programa de Fidelización Más Renfe (Anexo 1)
Actividad Comercial;¿Qué porcentaje de obtención de puntos tiene un titular Más Renfe Oro en AVE?;3%.;4%.;5%.;8%.;2;Programa de Fidelización Más Renfe (Anexo 1)
Actividad Comercial;"¿Para qué edades está disponible el servicio de ""Viaje de menores sin acompañante""?";De 4 a 12 años.;De 6 a 13 años inclusive.;De 5 a 14 años.;Solo para mayores de 14 años.;1;Viaje de menores sin acompañante (Normativa)
Actividad Comercial;¿Con qué antelación mínima debe adquirirse el billete para un menor sin acompañante?;24 horas.;48 horas.;72 horas.;Hasta 2 horas antes de la salida.;1;Viaje de menores sin acompañante (Normativa)
Actividad Comercial;¿Qué opciones de precio permiten contratar el servicio de menores sin acompañante?;Básico y Elige.;Solo Premium.;Elige Confort o Premium.;Cualquier tarifa de trenes de Larga Distancia.;2;Viaje de menores sin acompañante (Adquisición)
Actividad Comercial;¿Cuál es el precio anual de la Tarjeta Más Renfe Joven?;25 euros.;30 euros.;50 euros.;Es gratuita.;2;Tarjeta Más Renfe Joven (Facsímil)
Actividad Comercial;¿Qué descuento ofrece la Tarjeta Más Renfe Joven en trenes AVE y Larga Distancia?;25% sobre cualquier precio.;30% sobre el mejor precio disponible.;50% de lunes a jueves.;10% adicional a Familia Numerosa.;1;Tarjeta Más Renfe Joven (Anexo 2)
Actividad Comercial;¿Cuál es la validez de la Tarjeta Más Renfe Joven?;6 meses.;1 año.;2 años.;Hasta que el titular cumpla 26 años.;1;Tarjeta Más Renfe Joven (Facsímil)
Actividad Comercial;¿Qué periodo de validez tiene el Abono Único tras su fecha de inicio?;15 días naturales.;30 días naturales.;3 meses naturales.;1 mes natural (del 1 al 31).;1;Abono Único (T.E. 2 III.5)
Actividad Comercial;¿Cuál es el precio del Abono Único Normal?;30 euros.;45 euros.;60 euros.;90 euros.;2;Abono Único (Resumen Normativa)
Actividad Comercial;¿Qué sanción aplica Renfe a un titular de Abono Único tras 3 usos indebidos (no viajar ni cancelar)?;Multa de 100 euros.;Anulación del abono sin reintegro y prohibición de sacar uno nuevo en 60 días.;Retirada de la Tarjeta Dorada.;Pérdida de 500 Puntos Renfe.;1;Abono Único (Formalización o Validación)
Actividad Comercial;¿Cuál es el número máximo de formalizaciones diarias activas para el Abono Único?;2 formalizaciones.;4 formalizaciones.;6 formalizaciones.;Sin límite diario.;1;Abono Único (Formalización o Validación)
Actividad Comercial;¿Con qué antelación mínima debe cancelarse un viaje formalizado con Abono Único para evitar el uso indebido?;30 minutos.;60 minutos.;2 horas.;24 horas.;1;Abono Único (Formalización o Validación)
Actividad Comercial;El Abono Pase Vía es una suscripción dirigida a viajeros de qué servicio:;Cercanías.;AVE Internacional.;Avant.;Trenes Turísticos.;2;Abono Pase Vía (T.E. 4 III.5)
Actividad Comercial;¿Cuál es el descuento inicial del Abono Pase Vía sobre la Tarifa Avant?;25%.;30%.;45%.;50%.;2;Abono Pase Vía (Descripción)
Actividad Comercial;¿Cuántas reservas activas al día permite el Abono Pase Vía?;2 reservas.;4 reservas.;6 reservas.;Ilimitadas.;1;Abono Pase Vía (Condiciones de Utilización)
Actividad Comercial;¿En qué servicios NO está incluido el acuerdo AJC (Agreement concerning Journey Continuation)?;AVE.;Alvia.;Cercanías, Media Distancia Convencional y Avant.;Euromed e Intercity.;2;Acuerdo AJC (T.E. 1 I.3.2)
Actividad Comercial;¿Cuál es el tiempo mínimo de conexión exigido entre trenes en la misma estación para el acuerdo AJC?;15 minutos.;20 minutos.;30 minutos.;45 minutos.;2;Acuerdo AJC (Emisión del Justificante)
Actividad Comercial;¿Y si la conexión es entre diferentes estaciones de la misma localidad para el AJC?;30 minutos.;45 minutos.;60 minutos.;90 minutos.;1;Acuerdo AJC (Emisión del Justificante)
Actividad Comercial;¿Qué validez tiene el Spain Rail Pass desde su adquisición?;3 meses.;6 meses.;11 meses.;12 meses.;1;Spain Rail Pass (Facsímil Anexo 2)
Actividad Comercial;¿Qué retraso en AVE da derecho a una indemnización del 100% del billete (criterio general)?;Superior a 30 minutos.;Igual o superior a 60 minutos.;Superior a 90 minutos.;Solo si el tren se cancela.;2;Condiciones Posventa (T.E. 1 III.3.1)
Actividad Comercial;¿Qué indemnización corresponde por un retraso de 65 minutos en un tren Alvia?;25%.;50%.;75%.;100%.;1;Condiciones Posventa (T.E. 1 III.3.1)
Actividad Comercial;En un tren Avant, ¿qué indemnización corresponde por un retraso superior a 30 minutos?;25%.;50%.;75%.;100%.;1;Condiciones Posventa (T.E. 1 III.3.1)
Actividad Comercial;¿Qué incremento se aplica si la indemnización en servicios comerciales se cobra en Puntos Renfe?;25%.;50%.;100%.;150%.;2;Condiciones Posventa (T.E. 1 III.3.1)
Actividad Comercial;¿Qué porcentaje de devolución corresponde por la ausencia de cafetería en un tren AVE?;5%.;10%.;20%.;No corresponde indemnización.;1;Condiciones Posventa (Servicios Comerciales Diurnos)
Actividad Comercial;¿Y por la ausencia total de climatización en un tren Alvia?;25%.;50%.;100%.;10%.;2;Condiciones Posventa (Servicios Comerciales Diurnos)
Actividad Comercial;¿Cuál es el plazo máximo para solicitar la indemnización en Puntos Renfe tras el viaje?;1 mes.;3 meses.;6 meses.;12 meses.;1;Condiciones Posventa (T.E. 1 III.3.1)
Actividad Comercial;"¿En qué núcleo de Cercanías se aplica la ""Devolución Exprés"" por retrasos superiores a 15 minutos?";Madrid.;Barcelona (Rodalies).;Valencia.;Ambas B y C son correctas.;3;Condiciones Posventa (T.E. 1 III.3.1)
Actividad Comercial;¿Cuál es el precio de la Tarjeta Dorada para una validez de 1 año?;Gratuita.;3 euros.;6 euros.;12 euros.;2;Tarjeta Dorada (Facsímil)
Actividad Comercial;¿Qué descuento aplica la Tarjeta Dorada en trenes AVE todos los días de la semana?;25%.;40%.;50%.;10% adicional.;0;Tarjeta Dorada (Resumen Normativa)
Actividad Comercial;¿Qué descuento tiene la Tarjeta Dorada en servicios Avant de viernes a domingo?;40%.;50%.;25%.;No tiene descuento los fines de semana.;2;Tarjeta Dorada (Resumen Normativa)
Actividad Comercial;¿Cuál es el precio fijo de un billete para acompañante de Tarjeta Dorada (en plaza H) en servicios comerciales?;3 euros.;5 euros.;7 euros.;10 euros.;2;Tarjeta Dorada (Condiciones)
Actividad Comercial;¿Qué edad mínima se requiere para adquirir la Tarjeta Dorada por razón de edad?;60 años.;65 años.;67 años.;55 años.;0;Tarjeta Dorada (Normativa)
Actividad Comercial;¿Cuál es el descuento de la Tarjeta Dorada en Media Distancia Convencional?;25%.;40%.;50%.;Variable según antelación.;1;Tarjeta Dorada (Resumen Normativa)
Actividad Comercial;En el programa AJC, ¿qué plazo máximo tiene el personal para emitir el nuevo billete de continuidad tras la solicitud?;1 hora.;3 horas.;6 horas.;24 horas.;1;Acuerdo AJC (Emisión Billete Continuidad)
Actividad Comercial;"¿Cuál es el máximo de billetes de ""niño"" acompañantes a precio 0 que permite el Spain Rail Pass?";Uno.;Dos.;Tres.;No permite niños gratis.;1;Spain Rail Pass (Procedimiento Venta)
Actividad Comercial;¿Cuál es la indemnización por ausencia de restauración en plaza en opción Premium de AVE?;10%.;20%.;50%.;100%.;1;Condiciones Posventa (Servicios Comerciales Diurnos)
Actividad Comercial;¿Qué norma europea sobre derechos y obligaciones de los viajeros ferroviarios es la base legal de la posventa?;Reglamento (UE) 2016/797.;Reglamento (CE) 1370/2007.;Reglamento (UE) 2021/782.;Directiva 2012/34/UE.;2;Condiciones Posventa (T.E. 1 III.3.1)
Actividad Comercial;¿Qué retraso en AVE Internacional (tramo español) da derecho al 25% de indemnización?;Superior a 15 minutos.;A partir de 30 minutos.;A partir de 60 minutos.;No existe el tramo del 25%.;1;Condiciones Posventa (T.E. 1 III.3.1)
Actividad Comercial;¿Cuándo entra en vigor la normativa actual de Condiciones Posventa reflejada en el PDF?;01/01/2024.;15/07/2025.;02/12/2025.;10/03/2026.;1;Condiciones Posventa (Vigencia)
Actividad Comercial;¿Es posible anular un billete de Abono Único tras su emisión por el viajero?;Sí, con un 15% de gastos.;Sí, hasta 2 horas antes de la salida.;No se admiten anulaciones ni cambios (salvo error del operador en el momento).;Solo si se cambia por otro abono de mayor precio.;2;Abono Único (Anulación y Cambios)
Actividad Comercial;"¿Qué requisito es indispensable para solicitar la ""Devolución Exprés"" en Cercanías?";Presentar el DNI original.;Validación previa al acceso y a la salida en la estación de destino.;Que el retraso sea superior a 60 minutos.;Haber pagado con tarjeta bancaria.;1;Condiciones Posventa (T.E. 1 III.3.1)
Actividad Comercial;En el Abono Pase Vía, ¿cuándo se efectúa el cobro de cada viaje realizado?;Al comprar el abono (prepago).;En la fecha en la que se realiza cada viaje.;Al finalizar el trimestre.;Mediante factura mensual enviada al domicilio.;1;Abono Pase Vía (Descripción)
Actividad Comercial;¿Qué descuento adicional se aplica sobre los precios del Pase Vía conforme al RDL 17/2025?;10%.;30%.;50%.;75%.;2;Abono Pase Vía (Anexo 1)
Actividad Comercial;¿Cuál es el código de tarifa para formalizar el Abono Único a precio 0 en el sistema SIVER?;Tarifa 100.;Tarifa 379.;Tarifa 500.;Tarifa 970.;1;Abono Único (Formalización)
Actividad Comercial;¿A qué distancia del plano de rodadura se mide el ancho de vía (en el bloque ferroviario pero citado en comercial)?;10 mm.;14 mm.;15 mm.;Al nivel exacto de la superficie.;1;Conocimientos Básicos Ferroviarios (Vía)
Actividad Comercial;¿Qué porcentaje de indemnización corresponde por un retraso de 60 minutos y 1 segundo en AVLO?;25%.;50%.;100%.;No tiene compromiso de puntualidad.;1;Condiciones Posventa (T.E. 1 III.3.1)
Actividad Comercial;¿Cuál es el descuento de Tarjeta Dorada en trenes de ancho métrico (Cercanías y MD)?;25%.;40%.;50%.;75%.;2;Tarjeta Dorada (Resumen Normativa)
Actividad Comercial;¿Cómo se denomina el sistema que permite al personal de Renfe contrastar billetes de otros operadores para el AJC?;Copérnico.;Siver.;SerTren.;Hermes.;0;Acuerdo AJC (Justificante)
Actividad Comercial;¿Qué tipo de tarjeta Más Renfe permite el acceso a Salas Club (con billete válido)?;Solo Platino.;Oro y Platino.;Plata (con 4 accesos), Oro y Platino.;Todas las tarjetas Más Renfe.;2;Programa Más Renfe (Anexo 1 / Facsímil)
Actividad Comercial;¿En qué formato de billete se emite AVLO en terminales SerTren?;Formato ATB.;Papel térmico.;Formato ISO.;Solo digital.;1;Normativa Comercial AVLO (Formatos)
Actividad Comercial;¿Quién ostenta la patria potestad para autorizar el uso de puntos a un menor en la Tarjeta Más Renfe?;El Centro de Servicios Más Renfe.;El Maquinista del tren.;El padre, madre o tutor legal.;Cualquier persona mayor de edad.;2;Programa Más Renfe (Condiciones)
Actividad Comercial;¿Qué porcentaje de puntos obtiene un titular Platino en AVE, LD y Avant?;3%.;5%.;8%.;10%.;3;Programa Más Renfe (Anexo 1)
Actividad Comercial;¿Se admite el cambio de titularidad en un billete AVLO?;Sí, abonando 10 euros.;No se admite el cambio de titularidad.;Sí, de forma gratuita hasta 24h antes.;Solo para familiares de primer grado.;1;Normativa Comercial AVLO (Facsímil Billete)
Actividad Comercial;"¿Qué plazo tiene el viajero para utilizar un billete gratuito obtenido por ""Devolución Exprés""?";15 días.;30 días naturales.;90 días.;6 meses.;1;Condiciones Posventa (T.E. 1 III.3.1)
Actividad Comercial;¿En qué canal es exclusivo obtener el código descuento con incremento del 50% por retraso?;Taquillas.;Teléfono.;renfe.com.;App Renfe.;2;Condiciones Posventa (T.E. 1 III.3.1)
Actividad Comercial;¿Cuál es el tiempo de validez para la compra del billete tras obtener el código descuento por retraso?;1 mes.;3 meses.;6 meses.;1 año.;2;Condiciones Posventa (T.E. 1 III.3.1)
Actividad Comercial;¿Qué indemnización corresponde por un retraso de 46 minutos en un tren Regional Exprés?;25%.;50%.;100%.;Ninguna.;1;Condiciones Posventa (T.E. 1 III.3.1)
Actividad Comercial;¿Y si el retraso es de 61 minutos en ese mismo tren Regional Exprés?;25%.;50%.;100%.;75%.;2;Condiciones Posventa (T.E. 1 III.3.1)
Actividad Comercial;"¿A partir de qué edad se considera ""Senior"" en la compra del Spain Rail Pass?";55 años.;60 años.;65 años.;67 años.;1;Spain Rail Pass (Procedimiento)
Actividad Comercial;¿Cuál es el límite máximo de personas por cada título de transporte colectivo?;No hay límite.;El número que quepa en un coche.;El número de personas que viajen en un mismo trayecto y fecha.;Máximo 25 personas.;2;Título III, Capítulo 1
Actividad Comercial;¿Qué significa que un título de transporte sea oneroso?;Que es gratuito.;Que tiene un coste o precio.;Que solo es válido para días festivos.;Que se ha pagado exclusivamente con puntos.;1;Título Preliminar / Conceptos Generales
Actividad Comercial;¿Cuál es la forma jurídica de Renfe Viajeros?;Ente Público.;Sociedad Mercantil Estatal, S.A.;Organismo Autónomo.;Cooperativa de servicios.;1;Título Preliminar
Actividad Comercial;¿Qué sucede si hay una deficiencia de climatización parcial (carencia) en un AVE?;Devolución 100%.;Devolución 50%.;Devolución 10%.;No tiene indemnización.;1;Condiciones Posventa (Servicios Comerciales Diurnos)
Actividad Comercial;¿Cuál es el máximo de maletas de cabina adicionales que se pueden contratar en AVLO?;Una maleta adicional.;Dos maletas adicionales.;Sin límite según cupo.;No se permiten maletas adicionales.;0;Normativa Comercial AVLO (Facsímil)
Actividad Comercial;¿Qué precio tiene contratar una maleta extra en AVLO en el momento de la compra del billete?;10 euros.;15 euros.;20 euros.;30 euros.;0;Normativa Comercial AVLO (Facsímil)
Actividad Comercial;¿Y si se contrata en la estación con menos de 30 minutos antes de la salida?;15 euros.;20 euros.;30 euros.;No es posible contratarlo.;2;Normativa Comercial AVLO (Facsímil)
Actividad Comercial;¿Qué documento identifica a los niños menores de 14 años en el control de acceso si no tienen DNI?;Carné escolar.;Libro de Familia.;Certificado de nacimiento original.;Tarjeta sanitaria.;1;Normativa Comercial AVLO (Control de Acceso)
Actividad Comercial;¿Qué porcentaje de puntos se obtiene al comprar un billete AVLO con tarjeta Más Renfe?;5%.;8%.;Se obtienen puntos (el PDF indica que se obtienen pero no fija un % dinámico como en AVE).;No se obtienen puntos en AVLO.;2;Programa Más Renfe (Anexo 1)
Actividad Comercial;¿Cuál es el código VISIR para el Abono Único Joven (Renfe)?;970.;971.;972.;973.;2;Abono Único (Resumen Títulos)
Actividad Comercial;¿En qué año se fundó la Red Nacional de los Ferrocarriles Españoles (según el bloque de Igualdad/Historia)?;1921.;1941.;1975.;2005.;1;II Plan de Igualdad (2.1 Grupo Renfe)
Actividad Comercial;Según el criterio de rebase de tramos por segundos, ¿qué indemnización corresponde a un viajero de AVE con un retraso de 90 minutos y 01 segundos?;25%;50%;75%;100%;3;Condiciones Posventa (T.E. 1 III.3.1 / Ejemplo Retrasos)
Actividad Comercial;¿Qué ocurre si un titular de Tarjeta Más Renfe Oro alcanza un consumo de 7.000 € a los 6 meses de tener la tarjeta?;Pasa automáticamente al nivel Platino.;Debe permanecer obligatoriamente en el nivel Oro hasta completar el año de validez.;Se le devuelven los 1.000 € sobrantes en Puntos Renfe.;Sube a nivel Platino pero sin derecho a Salas Club durante 6 meses.;1;Programa de Fidelización Más Renfe (Tarjeta Oro)
Actividad Comercial;En los viajes de grupo AVLO de más de 90 personas, ¿cuántos billetes de garantía se emiten?;4 billetes.;5 billetes.;El 5% del total de las plazas.;El 10% del total de las plazas.;2;Normativa Comercial AVLO (Viajes en Grupo)
Actividad Comercial;¿Cuál es la indemnización por la carencia de restauración en plaza en la opción Premium de un tren AVE?;10%;20%;50%;100%;1;Condiciones Posventa (Servicios Diurnos - Tabla)
Actividad Comercial;Si un cliente con Abono Único no viaja ni cancela su reserva con la antelación requerida en 3 ocasiones, ¿qué consecuencia tiene?;Pago de una multa de 100 €.;Bloqueo de la tarjeta de crédito asociada durante un mes.;Anulación del abono sin reintegro y prohibición de obtener uno nuevo en 60 días.;Pérdida de todos los Puntos Renfe acumulados ese año.;2;Abono Único (Formalización o Validación)
Actividad Comercial;"Para el cálculo de reembolsos en un ""Bonotrén"" de Cercanías, ¿por qué número se debe dividir el precio del título?";Por 10.;Por 40.;Por 50.;Por 100.;0;Condiciones Posventa (Títulos Multiviaje Cercanías)
Actividad Comercial;¿Qué porcentaje de puntos obtiene un titular de tarjeta Más Renfe Plata por sus viajes en trenes Avant?;3%;4%;5%;8%;1;Programa de Fidelización Más Renfe (Anexo 1)
Actividad Comercial;En el acuerdo AJC, ¿qué tiempo mínimo de conexión se exige si el cambio es entre estaciones diferentes de la misma localidad?;30 minutos.;45 minutos.;60 minutos.;90 minutos.;1;Acuerdo AJC (Emisión del Justificante)
Actividad Comercial;¿Qué indemnización corresponde por un fallo de climatización reparado durante el viaje en un tren AVLO?;10%;25%;50%;100%;2;Normativa Comercial AVLO (Indemnizaciones por deficiencias)
Actividad Comercial;¿Cuál es la base de cálculo para una indemnización en el producto Spain Pass?;El importe del pase dividido por el número de viajes escogidos.;El precio de la Tarifa General del tren afectado.;El 50% del valor facial del último billete formalizado.;El importe total del pase menos el 15% de gastos de gestión.;0;Condiciones Posventa (Renfe Spain Pass)
Actividad Comercial;"Según el Glosario del II Plan de Igualdad, ¿cómo se define ""Techo de Cemento""?";Barrera invisible que limita el ascenso laboral de las mujeres.;Límites que tienen las mujeres para crecer por falta de referentes o modelos de mujer.;Diferencia salarial en trabajos feminizados.;Falta de acceso de las mujeres a las tecnologías STEM.;1;II Plan de Igualdad (Anexo: Glosario)
Actividad Comercial;En servicios Avant, ¿cuál es el descuento de la Tarjeta Dorada de lunes a jueves?;25%;40%;50%;10%;1;Tarjeta Dorada (Resumen Normativa)
Actividad Comercial;¿Qué plazo máximo tiene el viajero para solicitar el abono de una indemnización por retraso en Puntos Renfe?;1 mes.;3 meses.;6 meses.;1 año.;1;Condiciones Posventa (T.E. 1 III.3.1)
Actividad Comercial;¿Qué incremento sobre la indemnización se aplica si el cliente elige el código descuento para el próximo viaje (en servicios comerciales)?;25%;50%;75%;100%;1;Condiciones Posventa (T.E. 1 III.3.1)
Actividad Comercial;En el servicio de menores sin acompañante, ¿con qué antelación deben presentarse el menor y el adulto en el Check-in?;45 minutos.;30 minutos.;15 minutos.;5 minutos.;2;Viaje de menores sin acompañante (Acogida de menores)
Actividad Comercial;¿Cuál es la indemnización por ausencia de aseos en un tren de Larga Distancia por cambio de material?;25%;50%;75%;100%;3;Condiciones Posventa (Servicios Diurnos - Tabla)
Actividad Comercial;"¿Qué porcentaje del precio del transporte se deduce en una anulación de billete con opción ""Elige Estándar"" sin complementos extra?";0%;15%;30%;100%;2;Cambios y Anulaciones (Atributos - Tabla)
Actividad Comercial;¿Qué sistema se utiliza para contrastar la validez de los trenes y justificantes en el acuerdo AJC?;Hermes.;Siver.;Copérnico.;PlayRenfe.;2;Acuerdo AJC (Justificante)
Actividad Comercial;¿A qué distancia se mide el ancho de vía por debajo del plano de rodadura?;10 mm.;14 mm.;15 mm.;20 mm.;1;Conocimientos Básicos Ferroviarios (Vía)
Actividad Comercial;En el cálculo del NPS, ¿cómo se clasifican los clientes que puntúan con un 7 o un 8?;Promotores.;Detractores.;Pasivos o Neutrales.;No computan en la muestra.;2;Experiencia de Cliente (Indicadores - NPS)
Actividad Comercial;¿Qué sanción económica se aplica por acceder sin título a un tren Avant?;100 €;200 €;300 €;500 €;1;Condiciones Generales (Penalizaciones)
Actividad Comercial;¿Qué reducción se aplica a las penalizaciones por acceso indebido si se pagan en un plazo inferior a 30 días naturales?;25%;30%;50%;60%;2;Condiciones Generales (Penalizaciones)
Actividad Comercial;¿Cuál de estos servicios Avant está EXCLUIDO de la bonificación del 50% del RDL 17/2025?;Madrid - Puertollano.;Madrid - Salamanca.;Madrid - Cuenca.;Madrid - Valladolid.;1;Abono Pase Vía (Exclusiones Bonificación)
Actividad Comercial;¿Cuál es el número máximo de puntos que se pueden canjear por un vale descuento en el programa Más Renfe?;500 puntos.;1.000 puntos.;2.000 puntos.;No hay límite.;1;Programa de Fidelización Más Renfe (Canje de puntos)
Actividad Comercial;¿Qué validez tiene el vale descuento obtenido mediante el canje de Puntos Renfe?;1 mes.;3 meses.;6 meses.;1 año.;1;Programa de Fidelización Más Renfe (Canje de puntos)
Actividad Comercial;En AVLO, si la identidad del viajero no corresponde con el billete en ruta, ¿qué debe abonar?;10 € de recargo.;El doble de la tarifa pagada.;Un billete a la tarifa Básica máxima del recorrido del tren.;Una multa de 300 € obligatoriamente.;2;Normativa Comercial AVLO (Regularización en ruta)
Actividad Comercial;Para anular un billete de Cercanías emitido por un sistema no centralizado, ¿cuál es el plazo máximo desde su adquisición?;15 minutos.;30 minutos.;1 hora.;2 horas.;3;Cambios y Anulaciones (Sistemas no centralizados)
Actividad Comercial;¿Cuál es la indemnización por ausencia total de climatización en un tren Regional?;25%;50%;100%;10%;0;Condiciones Posventa (Obligación de Servicio Público)
Actividad Comercial;¿Qué porcentaje de indemnización corresponde por un retraso de 16 minutos en un tren Avant?;Ninguna.;25%;50%;100%;1;Condiciones Posventa (T.E. 1 III.3.1 - MD AV)
Actividad Comercial;¿A quién se le permite abonar solo el importe del billete sin recargo aunque la estación tenga venta cerrada, de forma excepcional?;A todos los menores de 14 años.;A militares de uniforme.;A viajeros de avanzada edad o con discapacidad intelectual.;A titulares de Tarjeta Más Renfe Platino.;2;Condiciones Generales (Regularización)
Actividad Comercial;¿En qué año se fundó la Red Nacional de los Ferrocarriles Españoles (RENFE)?;1921;1941;1975;2005;1;II Plan de Igualdad (Grupo Renfe)
Actividad Comercial;"¿Qué es un ""Surco"" en la explotación ferroviaria?";Una marca de desgaste en el carril.;La franja horaria asignada a un tren.;El espacio entre dos coches de un automotor.;El dispositivo de enganche tipo Scharfenberg.;1;Conocimientos Básicos Ferroviarios (Mallas/Surco)
Actividad Comercial;¿Qué trenes circulan en sentido de kilometraje DESCENDENTE?;Trenes Impares.;Trenes Pares.;Trenes Especiales.;Trenes de Mercancías únicamente.;1;Conocimientos Básicos Ferroviarios (Paridad)
Actividad Comercial;En el cálculo de indemnizaciones por cancelación, si se ofrece autobús en servicios OSP, ¿qué porcentaje se devuelve?;15%;20%;30%;50%;1;Condiciones Posventa (OSP - Autobús)
Actividad Comercial;¿Qué validez de utilización tiene el Spain Rail Pass tras la primera formalización?;15 días.;1 mes.;6 meses.;1 año.;1;Spain Rail Pass (Facsímil Anexo 2)
Actividad Comercial;¿Cuál es el precio de la Tarjeta Dorada para una validez de 3 años?;12 €;15 €;18 €;20 €;1;Tarjeta Dorada (Facsímil)
Actividad Comercial;¿Qué porcentaje de puntos se obtiene en billetes de AVLO con la Tarjeta Más Renfe?;3%;5%;8%;Se obtienen puntos (sin especificar % dinámico en tabla AVE/Avant).;3;Programa Más Renfe (Anexo 1)
Actividad Comercial;Según el diagnóstico del II Plan de Igualdad, ¿cuántas mujeres había en el Comité General de Empresa?;0 de 13.;2 de 13.;5 de 15.;6 de 12.;1;II Plan de Igualdad (Diagnóstico EPE)
Actividad Comercial;"¿Cuál es el límite de peso para considerar a un animal como ""mascota"" en Renfe?";6 kg.;8 kg.;10 kg.;15 kg.;2;Condiciones Generales (Mascotas)
Actividad Comercial;¿Qué indemnización corresponde por un retraso de 31 minutos en un tren de Rodalies de Catalunya?;25%;50%;75%;100%;1;Condiciones Posventa (Rodalies Catalunya)
Actividad Comercial;¿Cómo se denomina al sistema que establece itinerarios seguros dentro de las estaciones?;Bloqueo.;Enclavamiento.;Cantón.;CTC.;1;Conocimientos Básicos Ferroviarios (Señalamiento)
Actividad Comercial;¿Cuál es la indemnización por ausencia de cafetería en un tren Intercity?;5%;10%;20%;No tiene cafetería este producto.;1;Condiciones Posventa (Servicios Diurnos - Tabla)
Actividad Comercial;¿En qué plazo debe renovarse la Tarjeta Dorada antes de su caducidad para poder hacerlo online?;30 días antes.;60 días antes.;90 días antes.;6 meses antes.;2;Tarjeta Dorada (Canales de Venta)
Actividad Comercial;¿Cuál es el importe de gastos de anulación para el Abono Pase Vía?;15%;20%;30%;No se permiten anulaciones del título una vez usado.;3;Cambios y Anulaciones (Títulos Multiviaje)
Actividad Comercial;¿A partir de qué edad puede el titular de una Tarjeta Dorada llevar acompañante?;No depende de la edad, sino de una discapacidad ≥ 65%.;A partir de los 65 años.;A partir de los 75 años.;Siempre que sea pensionista por gran invalidez.;0;Tarjeta Dorada (Modalidad acompañante)
Actividad Comercial;En el NPS, ¿cómo se calcula el índice final?;% Promotores + % Pasivos.;% Promotores - % Detractores.;Promedio de todas las notas dividido por 10.;% Detractores / % Promotores.;1;Experiencia de Cliente (Indicadores)
Actividad Comercial;¿Cuál es el código VISIR para el Abono Único Normal?;970;971;972;973;0;Abono Único (Resumen Títulos)
Actividad Comercial;¿Qué indemnización corresponde por ausencia de aseos en un tren Regional Exprés por cambio de material?;25%;50%;100%;10%;0;Condiciones Posventa (Obligación de Servicio Público)
Actividad Comercial;Si un viajero de AVE decide interrumpir su viaje voluntariamente en una estación intermedia, ¿qué derecho tiene?;Reintegro del 50% del tramo no usado.;Canje por un billete de Cercanías gratuito.;Pierde el derecho a todo reintegro y el billete queda invalidado.;Derecho a continuar en el siguiente tren sin coste.;2;Condiciones Generales (Conceptos Generales)
Actividad Comercial;¿Cómo se denomina técnicamente a la barrera invisible que limita el ascenso laboral de las mujeres?;Techo de cemento.;Techo de cristal.;Techo de diamante.;Suelo pegajoso.;1;II Plan de Igualdad (Anexo: Glosario)
Actividad Comercial;¿Qué artículo del Reglamento 2021/782 exime a Renfe de indemnizar si el retraso se debe a causas de fuerza mayor?;Artículo 14.2;Artículo 19.10;Artículo 28.1;Artículo 59.1;1;Condiciones Posventa (Billetes Integrados)
Actividad Comercial;"En el producto AVLO, ¿qué porcentaje de gastos de gestión se aplica a la compra de billetes a través de sistemas ""B2B""?";3,50%;5,50%;15%;No se especifica un porcentaje para B2B en la tabla de gastos.;1;Normativa Comercial AVLO (Gastos de Gestión)
Actividad Comercial;Según la cronología de inicio de servicios AVLO, ¿en qué fecha exacta se inauguró la línea Madrid - Figueres Vilafant?;1/1/21;23/6/21;15/9/23;2/12/25;1;Normativa Comercial AVLO (Anexo 2)
Actividad Comercial;"¿Cuál es la vigencia exacta de las actuales ""Condiciones Generales de los Contratos de Transporte"" de Renfe Viajeros?";28/6/22;15/9/23;12/12/23;1/1/26;2;Condiciones Generales (Título XI)
Actividad Comercial;¿En qué circunstancia un título de transporte de Cercanías validado se considera INVÁLIDO de forma textual?;Si el viajero sale de la estación antes de 15 minutos.;Si está plastificado.;Si el viajero no lleva el DNI físico.;Si se ha comprado con más de 2 horas de antelación.;1;Condiciones Generales (Capítulo 5.2)
Actividad Comercial;Para los servicios sujetos a OSP, ¿qué indica la normativa sobre la obtención simultánea de más de un título?;Está permitida para asegurar plazas en diferentes horarios.;No será válida para realizar un mismo viaje a un precio más reducido.;Solo es válida si se hace a través de la App.;Requiere autorización del Centro de Gestión.;1;Condiciones Generales (Capítulo 5.3)
Actividad Comercial;"¿Cuál es el número mínimo de asistentes previsto para que una Gerencia de Ventas apruebe una oferta de ""Congresos y Ferias""?";50 personas.;75 personas.;100 personas.;150 personas.;1;Normativa Comercial AVLO (Congresos y Ferias)
Actividad Comercial;"¿Cuál es el periodo de validez general de una ""Autorización de Descuento"" para asistentes a un Congreso?";Desde el inicio hasta el fin del evento.;2 días antes de la inauguración hasta 2 días después de la clausura.;7 días naturales desde la compra.;1 mes desde la emisión.;1;Normativa Comercial AVLO (Congresos y Ferias)
Actividad Comercial;En el Programa Más Renfe, ¿qué ocurre si un titular Plata no mantiene el volumen de gasto asociado tras un año?;Se le cancela la tarjeta.;Se le sitúa en el nivel inferior (Clásica) y se aplica ese criterio.;Se le mantiene el nivel 6 meses más de gracia.;Debe abonar 6 € para renovar el nivel.;1;Programa Más Renfe (Tarjeta Plata)
Actividad Comercial;¿Qué limitación tiene un viajero con billete AVLO para acceder a las Salas Club si es titular Más Renfe Plata?;Tiene acceso ilimitado.;Tiene 4 accesos anuales.;No tiene acceso con billetes AVLO.;Solo tiene acceso si viaja en viernes o domingo.;1;Normativa Comercial AVLO (Servicios en Tierra)
Actividad Comercial;¿Cuál es la indemnización por la ausencia de restauración en plaza (opción Premium) debido a un cambio de material (con cafetería disponible)?;20%;50%;100%;No tiene indemnización si hay cafetería.;0;Condiciones Posventa (Anexo 2 - Tabla)
Actividad Comercial;Si un retraso de 65 minutos en AVE coincide con una avería total de climatización, ¿qué indemnización recibe el cliente?;150% (50% retraso + 100% clima).;50% (la de retraso).;100% (la de climatización por ser más beneficiosa).;75% como compensación mixta.;2;Condiciones Posventa (Prioridad en Incompatibilidad)
Actividad Comercial;¿Cuál es el tiempo de conexión mínimo exigido en el acuerdo AJC si las estaciones son diferentes pero están en el mismo municipio?;30 minutos.;45 minutos.;60 minutos.;90 minutos.;3;Normativa Comercial AVLO (Garantía de Enlace)
Actividad Comercial;"¿Qué servicios de transporte ferroviario de viajeros se consideran de ""caracter comercial"" en la RFIG?";Solo el AVE.;Todos los de Larga Distancia y AVLO.;Trenes Turísticos y los no sujetos a OSP.;Únicamente los definidos en la Ley 16/1987.;2;Condiciones Generales (Título II, Capítulo 3)
Actividad Comercial;¿Qué plazo tiene el viajero para realizar el número de viajes escogidos en el Spain Rail Pass tras la primera formalización?;15 días.;1 mes.;6 meses.;11 meses.;1;Spain Rail Pass (Periodo de Utilización)
Actividad Comercial;"¿Cuál es el precio de la opción ""Elige Confort"" para una reserva de plaza con pase Eurail en un tren AVE?";10 euros.;13 euros.;23,50 euros.;6,50 euros.;1;N.I.V. Eurail (Reservas)
Actividad Comercial;¿Qué porcentaje de indemnización corresponde por un retraso de 45 minutos y 01 segundo en un tren Regional?;25%;50%;75%;100%;1;Condiciones Posventa (T.E. 1 III.3.1 / Ejemplo Regional)
Actividad Comercial;Según el diagnóstico de Renfe Viajeros (2020), ¿qué porcentaje de la plantilla masculina tiene más de 10 años de antigüedad?;53,41%;68,87%;74,22%;87,10%;2;II Plan de Igualdad (3.2.4 Análisis Cuantitativo)
Actividad Comercial;¿A partir de qué fecha son válidos los billetes de 5€ para niños en AVLO si fueron emitidos antes de una fecha concreta?;Antes del 12/12/2023;Antes del 28/04/2025;Antes del 01/01/2026;Antes del 15/07/2025;1;Normativa Comercial AVLO (Disposición Transitoria)
Actividad Comercial;En el Abono Pase Vía, ¿qué sucede si el viajero realiza una suscripción trimestral de 20 viajes pero solo hace 15?;Se le cobran los 5 viajes restantes al precio del trayecto más utilizado.;Se le anula la suscripción inmediatamente.;No se le cobra nada extra pero pierde el descuento.;Se le bloquea para el próximo trimestre.;0;Abono Pase Vía (Condiciones de Utilización)
Actividad Comercial;¿Cuál es el descuento adicional que se aplica a los precios del Pase Vía tras las bonificaciones de la tabla de viajes, según el RDL 17/2025?;30%;45%;50%;75%;2;Abono Pase Vía (Anexo 1 - Tabla)
Actividad Comercial;¿Qué servicio Avant está excluido de la bonificación del 50% del RDL 17/2025 excepto en el trayecto Barcelona-Tarragona?;Madrid-Salamanca;Ourense-A Coruña;Murcia-Alicante;AVANT EXPRÉS Barcelona-Tortosa;3;Abono Pase Vía (Exclusiones)
Actividad Comercial;¿En qué sistema de venta la Tarjeta Dorada NO requiere una operación de alta previa en VCX para ser válida?;Siver;Hermes;VISIR;PlayRenfe;2;Tarjeta Dorada (Operativa Sistemas Venta)
Actividad Comercial;¿Qué plazo de prescripción tienen las reclamaciones relacionadas con Puntos Renfe según la normativa?;1 mes.;3 meses.;6 meses.;1 año.;1;Programa Más Renfe (Condiciones de Consumo)
Actividad Comercial;¿Cuál es el código de tarifa específico de AVLO para el personal de la Brigada Móvil - Policía en el transporte?;LC177;T.E. 2 III.3;No tiene código, se adquiere solo en taquilla.;BORG-01;2;Normativa Comercial AVLO (Convenios)
Actividad Comercial;¿Cuál es la indemnización por ausencia de climatización parcial (carencia) en un tren Alvia?;25%;50%;100%;10%;1;Condiciones Posventa (Servicios Comerciales Diurnos)
Actividad Comercial;En el servicio de menores sin acompañante, ¿qué sucede con los billetes emitidos antes del 28 de abril de 2025?;Son nulos y deben canjearse.;Continúan siendo válidos hasta ser utilizados o cancelados.;Requieren un suplemento de 10€.;Solo son válidos para trenes de fin de semana.;1;Viaje de menores sin acompañante (Disposición Transitoria)
Actividad Comercial;¿Cuál es el importe de la reserva obligatoria en trenes Alvia, Euromed e Intercity con pase Eurail (opción Elige)?;6,50 euros.;10 euros.;13 euros.;23,50 euros.;0;N.I.V. Eurail (Reservas)
Actividad Comercial;Según el diagnóstico de la E.P.E. Renfe Operadora (2020), ¿qué porcentaje de la plantilla son mujeres?;9,28%;12,90%;31,13%;42,86%;2;II Plan de Igualdad (3.1.2 Información Básica)
Actividad Comercial;"¿En qué año nace ""Renfe Operadora"" tras la escisión de la antigua RENFE?";1941;1975;1992;2005;3;II Plan de Igualdad (2.1 Grupo Renfe)
Actividad Comercial;"¿Qué sistema de protección de trenes se define como ""señalización en cabina y supervisión continua""?";ASFA;LZB;GSM-R;EBICAB;1;Conocimientos Básicos Ferroviarios (8.5.2 LZB)
Actividad Comercial;¿Cómo se denomina técnicamente a la sección de vía protegida donde solo puede haber un tren?;Enclavamiento;Cantón;Surco;Bloqueo;1;Conocimientos Básicos Ferroviarios (Glosario)
Actividad Comercial;¿Cuál es la penalización por acceder sin título a un tren Regional Exprés?;100 €;200 €;300 €;El doble del billete.;1;Condiciones Generales (Penalizaciones)
Actividad Comercial;¿Qué tramo de edad concentra el mayor número de horas de formación en Renfe Fabricación y Mantenimiento?;De 20 a 29 años.;De 30 a 45 años.;Mayores de 45 años.;Menores de 20 años.;2;II Plan de Igualdad (Análisis por Sociedades)
Actividad Comercial;¿En qué fecha entra en vigor la normativa de la Tarjeta Más Renfe Joven adaptada a NEC II?;25/2/22;26/6/24;15/7/25;10/3/26;1;Tarjeta Más Renfe Joven (Vigencia)
Actividad Comercial;¿Cuál es el código VISIR para el Abono Único Niño (Renfe)?;971;972;973;974;2;Abono Único (Resumen Títulos)
Actividad Comercial;"En el Spain Rail Pass, ¿quiénes pueden adquirir la modalidad ""ADULTO""?";Mayores de 14 años.;Mayores de 18 años.;Todos excepto los niños de 4 a 13 años inclusive.;Solo no residentes mayores de 26 años.;2;Spain Rail Pass (Modalidades)
Actividad Comercial;¿Qué plazo tiene el personal de Renfe para emitir un billete de continuidad AJC tras la llegada del tren retrasado?;15 minutos.;30 minutos.;3 horas.;Sin límite mientras haya trenes.;2;Acuerdo AJC (Emisión Billete Continuidad)
Actividad Comercial;¿Cuál es la indemnización por ausencia de climatización total en un tren de Media Distancia Convencional?;25%;50%;100%;10%;0;Condiciones Posventa (Anexo 2 - Tabla)
Actividad Comercial;¿En qué año se clausuró oficialmente la tracción vapor en RENFE?;1941;1968;1975;1992;2;Conocimientos Básicos Ferroviarios (Historia)
Actividad Comercial;¿Cuál es el ancho de vía de la Red de Ancho Métrico (antigua FEVE)?;1.435 mm;1.668 mm;1.000 mm;1.674 mm;2;Conocimientos Básicos Ferroviarios (Infraestructura)
Actividad Comercial;"¿Qué valor tiene un billete de Cercanías gratuito obtenido por ""Devolución Exprés"" en Valencia?";El precio del billete original.;Un viaje sencillo para el mismo recorrido que el tren afectado.;500 Puntos Renfe.;Un descuento del 50% para el próximo mes.;1;Condiciones Posventa (T.E. 1 III.3.1)
Actividad Comercial;¿Cuál es la indemnización por ausencia de cafetería en un tren AVE, según la tabla de indemnizaciones automáticas?;5%;10%;20%;25%;1;Condiciones Posventa (Anexo 2 - Tabla)
Actividad Comercial;¿Qué incremento tiene la indemnización si se solicita en Puntos Renfe a través de la web?;25%;50%;100%;150%;2;Condiciones Posventa (Servicios Comerciales)
Actividad Comercial;"¿A partir de qué tramo de retraso se devuelve el 50% en un Billete Integrado de ""Bloque A"" (Avant+MD)?";Superior a 15 min.;Superior a 30 min.;Superior a 60 min.;Superior a 90 min.;1;Condiciones Posventa (Billetes Integrados)
Actividad Comercial;¿Cuál es el código de la Ley del Sector Ferroviario citada en el temario?;Ley 16/1987;Ley 39/2015;Ley 38/2015;Ley Orgánica 3/2007;2;Título II, Capítulo 3
Actividad Comercial;¿Cuántos niveles o escalas de valoración contempla el Sistema de Valoración de Puestos de Renfe?;13;45;57;60;2;II Plan de Igualdad (Auditoría Retributiva)
Actividad Comercial;¿Qué factor del sistema de valoración de puestos tiene un rango de 0 a 100 puntos?;Solo el de responsabilidad.;Solo el de riesgo físico.;Todos los factores del sistema analítico.;El nivel de idiomas únicamente.;2;II Plan de Igualdad (Factores de Valoración)
Actividad Comercial;¿Cuál es el precio de la Tarjeta Dorada con validez de 2 años?;6 €;10 €;12 €;15 €;2;Tarjeta Dorada (Facsímil)
Actividad Comercial;¿En qué fecha entra en vigor la normativa comercial de AVLO reflejada en el PDF?;23/6/21;28/4/25;28/11/25;2/12/25;3;Normativa Comercial AVLO (Vigencia)
Actividad Comercial;¿Qué caracteriza a un título de transporte colectivo según el Capítulo 3?;Permite viajar en fechas distintas.;Es unipersonal e intransferible.;Da derecho a viajar a más de una persona en un mismo trayecto y fecha.;Es un abono de 10 viajes.;2;Capítulo 3. Modalidades de títulos
Actividad Comercial;Si el personal de intervención decide cambiar a un viajero a una plaza más cara por una incidencia, ¿qué debe abonar el cliente?;La diferencia de precio.;Un recargo del 10%.;No abonará diferencia alguna.;El 50% de la mejora.;2;Capítulo 5. Gestión de plazas y cambio de asiento
Actividad Comercial;¿Qué ocurre si un viajero solicita una mejora de clase que incluye restauración y no hay provisiones?;Se le devuelve el importe total.;Renfe está obligada a buscar comida externa.;El cliente puede aceptar el cambio renunciando a la restauración sin reembolso.;No se permite el cambio bajo ningún concepto.;2;Capítulo 6. Mejora de tipo de asiento o clase
Actividad Comercial;¿Qué sucede si un cliente prolonga su viaje en Cercanías y la estación de origen tiene venta asistida pero no lo regulariza allí?;Se considera desprovisto de título válido para el recorrido de prolongación.;Puede pagarlo en destino sin recargo.;Se le aplica un descuento del 15%.;Solo puede pagarlo si usa la App.;0;Capítulo 7. Prolongación de recorrido
Actividad Comercial;En Cercanías, ¿qué títulos NO admiten prolongación de recorrido fuera del Núcleo?;Billetes Sencillos.;Billetes de Ida y Vuelta.;Títulos Multiviaje y emitidos por Consorcios.;Títulos cargados en Tarjeta sin Contacto.;2;Capítulo 7. Prolongación de recorrido
Actividad Comercial;¿Cuál es el importe de la penalización por acceso indebido en trenes de Media Distancia Convencional?;100 euros.;200 euros.;300 euros.;50 euros.;1;Capítulo 3.2. Penalizaciones
Actividad Comercial;¿Y en trenes de Cercanías?;50 euros.;100 euros.;200 euros.;300 euros.;1;Capítulo 3.2. Penalizaciones
Actividad Comercial;¿Qué descuento se aplica sobre las penalizaciones si se pagan antes de 30 días naturales?;15%;25%;50%;75%;2;Capítulo 3.2. Penalizaciones
Actividad Comercial;¿Qué objetos tienen prohibido expresamente el acceso a los trenes por seguridad?;Bicicletas eléctricas.;Sillas de ruedas a motor.;Patinetes y monociclos eléctricos dotados de baterías.;Maletas de más de 20 kg.;2;Capítulo 3.3 Inadmisión de viajeros
Actividad Comercial;¿Cuándo pierde el viajero el derecho a indemnización por retraso de forma textual?;Si el retraso es de 61 minutos.;Si Renfe informa del retraso antes de la compra del título.;Si el pago se hizo con Puntos Renfe.;Si viaja en un tren sinergiado.;1;Capítulo 5. Responsabilidad por retrasos
Actividad Comercial;Según el criterio general, ¿qué porcentaje se devuelve por un retraso superior a 90 minutos?;25%;50%;75%;100%;3;Capítulo 5. Responsabilidad por retrasos
Actividad Comercial;¿Cuál es la vigencia de la normativa comercial de AVLO según el documento?;1/1/24;23/6/21;2/12/25;15/7/25;2;Normativa Comercial AVLO (T.E. 7 I.1)
Actividad Comercial;¿En qué clase única se comercializa el producto AVLO?;Estándar.;Confort.;Básica.;Turista.;2;AVLO. Características y Gama Tarifaria
Actividad Comercial;¿Qué canales de venta de AVLO aplican un 0% de gastos de gestión?;Taquillas y Teléfono.;Máquinas Autoventa y Agencias.;Web renfe.com y App Renfe.;Venta en ruta exclusivamente.;2;AVLO. Gastos de Gestión
Actividad Comercial;¿Qué porcentaje de gastos de gestión aplica AVLO en Taquillas?;3,50%;5,50%;10%;15%;1;AVLO. Gastos de Gestión
Actividad Comercial;¿Qué porcentaje de gastos de gestión aplica AVLO en máquinas autoventa?;0%;3,50%;5,50%;7%;1;AVLO. Gastos de Gestión
Actividad Comercial;En AVLO, ¿cuál es el precio del complemento por anulación o cambio de billete?;5 euros.;8 euros.;10 euros.;15 euros.;1;AVLO. Complemento de Anulación o Cambio
Actividad Comercial;¿Hasta qué momento se puede anular un billete AVLO por error sin gastos?;30 minutos tras la compra.;1 hora tras la compra.;Dentro de las 2 horas siguientes a la compra con límite de 30 min antes de la salida.;No se permite la anulación por error.;2;AVLO. Anulación o Cambio de Billetes
Actividad Comercial;¿Qué dimensiones máximas debe tener el equipaje adicional en AVLO?;55x35x25 cm;85x60x35 cm;100x50x40 cm;120x90x40 cm;1;AVLO. Equipaje adicional
Actividad Comercial;¿Cuál es el límite de equipajes adicionales por cada composición sencilla de AVLO?;50;100;150;200;1;AVLO. Equipaje adicional
Actividad Comercial;¿Cuál es el precio del complemento de mascota por trayecto en AVLO?;5 euros.;10 euros.;15 euros.;20 euros.;1;AVLO. Mascotas
Actividad Comercial;¿Cuál es el peso máximo permitido para una mascota en AVLO?;6 kg.;8 kg.;10 kg.;12 kg.;2;AVLO. Mascotas
Actividad Comercial;¿Qué dimensiones máximas tiene el transportín en AVLO?;50x30x30 cm;60x35x35 cm;70x40x40 cm;80x50x50 cm;1;AVLO. Mascotas
Actividad Comercial;¿Con qué antelación mínima debe solicitarse un viaje de grupo AVLO de más de 25 personas?;48 horas.;5 días.;10 días.;1 mes.;2;AVLO. Condiciones Comerciales Grupos
Actividad Comercial;En la anulación total de un billete de grupo AVLO, ¿qué gastos se aplican si se hace con menos de 48h?;15%;30%;50%;75%;3;AVLO. Grupos (Anulación)
Actividad Comercial;¿Cuál es el límite de peso de los 3 bultos de mano para grupos en AVLO?;15 kg.;20 kg.;25 kg.;30 kg.;2;AVLO. Equipajes Grupos
Actividad Comercial;¿A qué precio se ofrece el billete de niño (4-13 años) en AVLO con un máximo de dos por adulto?;Gratis.;3 euros.;5 euros.;10 euros.;2;AVLO. Viajes de Menores
Actividad Comercial;"¿Se presta el servicio de ""Menores sin Acompañante"" en AVLO?";Sí, con coste de 10€.;Solo en fines de semana.;No, no se presta.;Solo para mayores de 10 años.;2;AVLO. Viajes de Menores
Actividad Comercial;¿Qué bonos son formalizables en servicios AVLO desde el 4 de junio de 2025?;Solo BonoAVE.;BonoAVE, BonoAVE Flexible y Bono Colaborativo.;Solo Abono Único.;Ningún bono es formalizable.;1;AVLO. Bonos AVE
Actividad Comercial;¿Cuál es el código de tarifa AVLO para el Convenio con el Ministerio de Defensa (Organismo)?;LC177;LC200;BORG-01;T.E. 2-III;0;AVLO. Convenios
Actividad Comercial;¿A qué edad se puede solicitar la Tarjeta Más Renfe?;Mayores de 12 años.;Mayores de 14 años.;Solo mayores de 18 años.;A cualquier edad con DNI.;1;Programa Más Renfe. Tarjeta Más Renfe
Actividad Comercial;¿Cuánto cuesta dar de alta la Tarjeta Más Renfe?;6 euros.;10 euros.;Es totalmente gratuita.;Requiere una compra mínima.;2;Programa Más Renfe. Tarjeta Más Renfe
Actividad Comercial;"¿Qué gasto debe realizar un titular ""Clásica"" para recibir directamente la tarjeta ""Plata""?";500 euros.;750 euros.;1.000 euros.;2.000 euros.;1;Programa Más Renfe. Niveles
Actividad Comercial;¿Cuál es el periodo de permanencia obligatoria en el nivel Plata antes de subir a Oro?;6 meses.;Un año.;Dos años.;No hay permanencia si se gasta lo suficiente.;1;Programa Más Renfe. Tarjeta Plata
Actividad Comercial;"¿Qué consumo anual define el nivel ""Oro""?";Entre 750 y 2.000 €.;Entre 2.000 y 6.000 €.;Más de 6.000 €.;Más de 10.000 €.;1;Programa Más Renfe. Tarjeta Oro
Actividad Comercial;"¿Y el nivel ""Platino""?";Más de 4.000 €.;Más de 6.000 €.;Más de 8.000 €.;Más de 12.000 €.;1;Programa Más Renfe. Tarjeta Platino
Actividad Comercial;¿Cuándo puede el titular disponer de sus Puntos Renfe tras un viaje?;A las 12 horas.;A las 24 horas.;A las 48 horas.;A los 7 días.;2;Programa Más Renfe. Obtención de Puntos
Actividad Comercial;¿Qué caducidad general tienen los Puntos Renfe?;1 año.;2 años.;3 años.;5 años.;2;Programa Más Renfe. Validez de los Puntos
Actividad Comercial;¿En qué nivel los Puntos Renfe NO caducan mientras se mantenga la categoría?;Plata.;Oro.;Platino.;En ninguno, todos caducan.;2;Programa Más Renfe. Validez de los Puntos
Actividad Comercial;¿Cuál es el límite máximo de puntos para canjear por un vale descuento?;500 puntos.;1.000 puntos.;2.000 puntos.;No hay límite.;1;Programa Más Renfe. Canje en Vales
Actividad Comercial;¿Qué validez tiene el vale descuento obtenido por canje de puntos?;1 mes.;3 meses.;6 meses.;1 año.;1;Programa Más Renfe. Canje en Vales
Actividad Comercial;¿Cuál es el horario de atención del Centro de Servicios Tarjeta Más Renfe?;24 horas.;De 9 a 21 h.;De 8 a 20 h.;Solo mañanas de 9 a 14 h.;2;Programa Más Renfe. Centro de Servicios
Actividad Comercial;"¿Qué porcentaje de puntos obtiene un titular ""Clásica"" en AVE, LD y Avant?";3%;4%;5%;8%;0;Programa Más Renfe. Anexo 1
Actividad Comercial;¿Qué tarjetas Más Renfe permiten acceso a Salas Club (con condiciones)?;Solo Platino.;Oro y Platino.;Plata (4 accesos), Oro y Platino.;Todas.;2;Programa Más Renfe. Anexo 1 / Salas Club
Actividad Comercial;¿Cuál es la validez de la Tarjeta Más Renfe Joven?;6 meses.;1 año.;2 años.;Hasta los 26 años.;1;Tarjeta Más Renfe Joven (T.E. 2 I.7)
Actividad Comercial;¿Qué descuento ofrece la Tarjeta Joven en servicios Avant sobre tarifa General?;15%;25%;30%;50%;1;Tarjeta Más Renfe Joven. Descuentos
Actividad Comercial;¿Cuál es el precio del Abono Único Normal?;30 euros.;45 euros.;60 euros.;90 euros.;2;Abono Único (T.E. 2 III.5)
Actividad Comercial;¿Y el precio del Abono Único Joven o Niño?;15 euros.;30 euros.;45 euros.;60 euros.;1;Abono Único (T.E. 2 III.5)
Actividad Comercial;¿Cuál es el periodo de validez del Abono Único?;15 días.;30 días naturales.;1 mes natural.;3 meses.;1;Abono Único. Condiciones Comerciales
Actividad Comercial;¿Cuántas formalizaciones diarias permite el Abono Único en servicios con reserva?;2 formalizaciones.;4 formalizaciones.;6 formalizaciones.;Sin límite.;1;Abono Único. Condiciones Comerciales
Actividad Comercial;¿Qué ocurre tras el tercer uso indebido del Abono Único?;Se cobra un recargo de 20€.;Se anula el abono y no se puede sacar otro en 60 días.;Se pierden 100 puntos.;Se avisa por carta certificada.;1;Abono Único. Formalización
Actividad Comercial;¿Con qué antelación mínima debe cancelarse una reserva de Abono Único?;30 minutos.;60 minutos.;2 horas.;24 horas.;1;Abono Único. Formalización
Actividad Comercial;¿Qué coste tiene la emisión de una tarjeta TSC si el viajero no dispone de ella para el Abono Único?;Gratis.;1 euro.;2 euros.;5 euros.;1;Abono Único. Emisión
Actividad Comercial;"¿Qué descuento inicial ofrece el ""Pase Vía"" para Avant?";25%;30%;45%;50%;2;Pase Vía (T.E. 4 III.5)
Actividad Comercial;¿Cuántas reservas activas al día permite el Abono Pase Vía?;2 reservas.;4 reservas.;6 reservas.;Ilimitadas.;1;Pase Vía. Condiciones de Utilización
Actividad Comercial;¿Qué plazo tiene el cliente para anular una reserva de Pase Vía sin coste?;15 minutos.;30 minutos.;60 minutos.;2 horas.;2;Pase Vía. Anulación
Actividad Comercial;¿A partir de cuántos viajes realizados el descuento en Pase Vía llega al 90%?;60 viajes.;100 viajes.;120 viajes.;Al final del año.;2;Pase Vía. Anexo 1 (Tabla)
Actividad Comercial;¿Qué porcentaje de indemnización corresponde por un retraso de 60 minutos en AVE?;25%;50%;75%;100%;1;Condiciones Posventa (T.E. 1 III.3.1)
Actividad Comercial;¿Y si el retraso en AVE es superior a 90 minutos?;50%;75%;100%;El doble del billete.;2;Condiciones Posventa (T.E. 1 III.3.1)
Actividad Comercial;En Rodalies de Catalunya, ¿qué retraso da derecho al 50% de devolución?;Superior a 15 min.;Superior a 30 min.;Superior a 60 min.;No existe el tramo del 50%.;1;Condiciones Posventa (T.E. 1 III.3.1)
Actividad Comercial;¿En qué canal es exclusivo el incremento del 100% de indemnización si se cobra en Puntos Renfe?;Taquillas.;renfe.com;App Renfe.;Venta Telefónica.;1;Mejora en el cobro de indemnizaciones
Actividad Comercial;¿Cuál es la indemnización por ausencia total de climatización en un tren AVE?;25%;50%;100%;10%;2;Deficiencias del servicio a bordo (Tabla)
Actividad Comercial;¿Y por la ausencia de cafetería en un tren Alvia?;5%;10%;20%;No tiene indemnización.;1;Deficiencias del servicio a bordo (Tabla)
Actividad Comercial;¿Cuál es el plazo máximo para presentar una reclamación tras el viaje?;1 mes.;3 meses.;6 meses.;1 año.;1;Presentación de la reclamación
Actividad Comercial;¿Qué valor tiene un billete gratuito de Devolución Exprés en el Núcleo de Valencia?;El precio del billete original.;Un viaje sencillo para el mismo recorrido que el afectado.;10 euros fijos.;500 Puntos Renfe.;1;Devolución Express Valencia
Actividad Comercial;¿Qué edad mínima permite adquirir la Tarjeta Dorada?;55 años.;60 años.;65 años.;67 años.;1;Tarjeta Dorada (T.E. 2 I.2)
Actividad Comercial;¿Cuál es el precio de la Tarjeta Dorada para 1 año?;3 euros.;5 euros.;6 euros.;10 euros.;2;Tarjeta Dorada. Facsímil
Actividad Comercial;¿Qué descuento ofrece la Tarjeta Dorada en Media Distancia Convencional?;25%;40%;50%;10%;1;Tarjeta Dorada. Cuadro descuentos
Actividad Comercial;¿Y en trenes de ancho métrico (antigua FEVE)?;25%;40%;50%;75%;2;Tarjeta Dorada. Cuadro descuentos
Actividad Comercial;¿Cuál es el precio fijo de un billete para acompañante de plaza H en servicios comerciales?;3 euros.;5 euros.;7 euros.;10 euros.;2;Tarjeta Dorada. Condiciones
Actividad Comercial;¿Qué antelación mínima exige Eurail para reservas de asistencia (Adif Acerca)?;30 minutos.;2 horas.;12 horas.;24 horas.;2;N.I.V. Eurail / Interrail. Reservas
Actividad Comercial;"¿Cuál es el precio de la reserva ""Elige"" en trenes Alvia con pase Eurail?";6,50 euros.;10 euros.;13 euros.;23,50 euros.;0;N.I.V. Eurail. Reservas
Actividad Comercial;¿Qué validez tiene el Spain Rail Pass desde su compra?;3 meses.;6 meses.;11 meses.;1 año.;1;Spain Rail Pass (T.E. 2 I.6)
Actividad Comercial;¿Cuántos viajes permite realizar el Spain Rail Pass?;Solo 10.;4, 6, 8 ó 10.;Ilimitados.;2 viajes al día.;1;Spain Rail Pass. Descripción
Actividad Comercial;En el acuerdo AJC, ¿qué tiempo mínimo de conexión se exige en la misma estación?;15 minutos.;30 minutos.;45 minutos.;60 minutos.;1;Acuerdo AJC. Emisión del Justificante
Actividad Comercial;¿Qué servicios están excluidos del acuerdo de continuidad AJC?;AVE.;Alvia.;Cercanías, MD Convencional y Avant.;Euromed.;2;Acuerdo AJC (T.E. 1 I.3.2)
Actividad Comercial;¿Cómo se denomina el sistema de control de tráfico a distancia citado en el bloque ferroviario?;ASFA.;CTC (Control de Tráfico Centralizado).;ERTMS.;GSM-R.;1;Conocimientos Básicos Ferroviarios
Actividad Comercial;"¿Qué ancho tiene la vía de ""Ancho Ibérico""?";1.435 mm.;1.668 mm.;1.000 mm.;1.674 mm.;1;Conocimientos Básicos Ferroviarios. Vía
Actividad Comercial;¿Cómo se llaman las piezas móviles de un desvío que encauzan las ruedas?;Traviesas.;Balasto.;Agujas.;Ejes.;2;Conocimientos Básicos Ferroviarios. Vía
Actividad Comercial;¿Qué significan las siglas ASFA?;Asociación de Ferrocarriles.;Anuncio de Señales y Frenado Automático.;Alarma de Seguridad Ferroviaria Automática.;Aplicación de Sistemas Ferroviarios Avanzados.;1;Conocimientos Básicos Ferroviarios. Seguridad
Actividad Comercial;¿Qué indica una luz ROJA en una señal ferroviaria?;Vía libre.;Parada.;Precaución.;Anuncio de parada.;1;Conocimientos Básicos Ferroviarios. Señales
Actividad Comercial;"¿Qué es un ""Cantón""?";La cabina del maquinista.;El tramo de vía donde solo puede haber un tren a la vez.;Un tipo de vagón de carga.;La estación de destino final.;1;Conocimientos Básicos Ferroviarios. Glosario
Actividad Comercial;¿Qué trenes se identifican con números pares?;Los que van hacia el Norte.;Los que circulan en sentido de kilometraje ascendente.;Los trenes de mercancías.;Los trenes de alta velocidad únicamente.;1;Conocimientos Básicos Ferroviarios. Paridad
Actividad Comercial;¿Y los trenes impares?;Los de cercanías.;Los que circulan en sentido de kilometraje descendente.;Los que van hacia el Sur.;Los que tienen retraso.;1;Conocimientos Básicos Ferroviarios. Paridad
Actividad Comercial;¿Qué mide el NPS (Net Promoter Score)?;La puntualidad del tren.;El esfuerzo del cliente.;La probabilidad de recomendación.;El volumen de ventas.;2;Experiencia de Cliente. NPS
Actividad Comercial;¿Cómo se define a un cliente que puntúa con un 9 o un 10 en NPS?;Pasivo.;Detractor.;Promotor.;Entusiasta.;2;Experiencia de Cliente. NPS
Actividad Comercial;¿Qué mide el CES (Customer Effort Score)?;La velocidad del viaje.;El esfuerzo del cliente para resolver una gestión.;La amabilidad del personal.;El coste del billete.;1;Experiencia de Cliente. CES
Actividad Comercial;¿Cómo se denomina al mapa de interacciones del cliente con la empresa?;Pasillo del tren.;Customer Journey (Pasillo de cliente).;Arquetipo de venta.;Ciclo de fidelización.;1;Experiencia de Cliente. Herramientas
Actividad Comercial;Según el II Plan de Igualdad, ¿cuál es el objetivo del mismo?;Aumentar los beneficios de Renfe.;Asegurar la igualdad de trato y oportunidades entre sexos.;Reducir el número de maquinistas.;Fomentar el teletrabajo únicamente.;1;II Plan de Igualdad. Introducción
Actividad Comercial;"¿Qué es la ""Acción Positiva""?";Dar premios a los clientes.;Medidas temporales para corregir desigualdades de las mujeres.;Un sistema de puntos extra.;Un programa de seguridad operacional.;1;II Plan de Igualdad. Glosario
Actividad Comercial;"¿Qué significa ""Techo de Cristal""?";El cristal panorámico de los trenes.;Barrera invisible que limita el ascenso laboral de las mujeres.;Una normativa de seguridad en talleres.;El límite de velocidad de los trenes.;1;II Plan de Igualdad. Glosario
Actividad Comercial;¿Qué sistema de seguridad es el estándar europeo interoperable?;ASFA.;LZB.;ERTMS / ETCS.;EBICAB.;2;Conocimientos Básicos Ferroviarios. Seguridad
Actividad Comercial;¿Cómo se llama la interfaz entre maquinista y máquina en ERTMS?;CTC.;DMI (Driver Machine Interface).;GSM-R.;Siver.;1;Conocimientos Básicos Ferroviarios. Seguridad
Actividad Comercial;¿Qué tipo de carril es el más usado actualmente?;Carril plano.;Carril tipo Vignole.;Carril de ranura.;Carril de madera.;1;Conocimientos Básicos Ferroviarios. Vía
Actividad Comercial;¿A qué distancia se mide el ancho de vía por debajo de la rodadura?;5 mm.;10 mm.;14 mm.;20 mm.;2;Conocimientos Básicos Ferroviarios. Vía
Actividad Comercial;¿Qué nombre reciben las piezas transversales que sujetan los raíles?;Balasto.;Agujas.;Traviesas.;Ejes.;2;Conocimientos Básicos Ferroviarios. Vía
Actividad Comercial;"¿Qué es el ""Balasto""?";La pintura del tren.;La capa de piedra partida que sustenta las traviesas.;Un tipo de freno de emergencia.;El sistema de iluminación de estaciones.;1;Conocimientos Básicos Ferroviarios. Vía
Actividad Comercial;"¿Qué significa que una locomotora sea ""Dual""?";Que tiene dos cabinas.;Que puede funcionar en modo eléctrico y diésel.;Que lleva dos maquinistas.;Que es válida para mercancías y viajeros.;1;Conocimientos Básicos Ferroviarios. Material Motor
Actividad Comercial;¿Qué serie identifica a los trenes AVE S-100?;Series 100.;Series 252.;Series 447.;Series 599.;0;Conocimientos Básicos Ferroviarios. Material Motor
Actividad Comercial;¿En qué año se separó RENFE en ADIF y Renfe Operadora?;1941;1992;2005;2015;2;II Plan de Igualdad. Historia de Renfe
Actividad Comercial;¿Cuál es la fecha de vigencia de la norma T.E. 7 I.1 relativa al producto AVLO?;23/6/21;15/7/25;2/12/25;1/1/26;2;Normativa Comercial AVLO (T.E. 7 I.1)
Actividad Comercial;En el sistema de venta de AVLO, ¿qué nivel de precio ofrecen los precios dinámicos?;Un precio fijo por temporada.;El mejor nivel de precio disponible en cada momento.;Descuentos del 50% fijos para el primer coche.;Precios basados exclusivamente en el peso del equipaje.;1;AVLO. Tarifas
Actividad Comercial;¿Con cuánta antelación finaliza exactamente el acceso al tren en los servicios AVLO?;10 minutos antes.;5 minutos antes.;2 minutos antes.;Al momento del silbato del factor.;2;AVLO. Servicios en Tierra
Actividad Comercial;¿Cuántos accesos anuales a Salas Club permite la Tarjeta Más Renfe Plata con billete AVLO?;Accesos ilimitados.;10 accesos.;4 accesos anuales.;No permite acceso con AVLO.;2;AVLO. Servicios en Tierra
Actividad Comercial;¿Qué porcentaje de gastos de gestión se aplica a la venta de AVLO en máquinas autoventa?;0%;3,50%;5,50%;15%;1;AVLO. Gastos de Gestión
Actividad Comercial;Si se cambia un billete AVLO por otro de menor precio, ¿qué ocurre con la diferencia?;Se devuelve íntegramente al cliente.;Se emite un vale para cafetería.;El valor facial del billete resultante será el mismo que el original y no hay devolución.;Se penaliza con 10 euros adicionales.;2;AVLO. Cambios y Anulaciones
Actividad Comercial;¿Cuál es el precio del complemento de mascota por trayecto y viajero en AVLO?;5 euros.;10 euros.;15 euros.;Es gratuito.;1;AVLO. Mascotas
Actividad Comercial;"¿Cuál es el número mínimo de personas para considerar una oferta comercial de ""Grupos"" en AVLO?";10 personas.;20 personas.;26 personas.;50 personas.;2;AVLO. Grupos
Actividad Comercial;En una anulación total de billete de grupo AVLO, ¿qué gastos se aplican con menos de 48h de antelación?;15%;30%;50%;75%;3;AVLO. Grupos (Anulación)
Actividad Comercial;¿Qué dimensiones máximas tiene la maleta de cabina gratuita incluida en el billete AVLO?;36x27x25 cm;55x35x25 cm;85x60x35 cm;100x50x40 cm;1;AVLO. Equipajes
Actividad Comercial;¿Qué precio fijo tiene el billete de niño (<14 años) en AVLO por un máximo de dos por adulto?;Gratis.;3 euros.;5 euros.;10 euros.;2;AVLO. Viajes de Menores
Actividad Comercial;¿Desde qué fecha es posible formalizar BonoAVE y Bono Colaborativo en servicios AVLO?;1/1/24;4/6/25;15/7/25;2/12/25;1;AVLO. Bonos AVE
Actividad Comercial;"¿Cuál es el máximo de titulares que admite un ""Bono Colaborativo"" para AVLO?";2 titulares.;4 titulares.;6 titulares.;10 titulares.;1;AVLO. Bonos AVE
Actividad Comercial;En las plazas H para silla de ruedas en AVLO, ¿con qué antelación mínima debe solicitarse la asistencia?;30 minutos.;2 horas.;12 horas (general).;24 horas.;2;AVLO. Discapacidad
Actividad Comercial;¿Qué porcentaje de abono corresponde al titular de Tarjeta Ferroviaria (Turista) para ocio en AVLO?;15%;25%;30%;50%;2;AVLO. Tarifa Ferroviaria
Actividad Comercial;¿Cuál es el código de tarifa de AVLO para el Convenio con el Ministerio de Defensa (Organismo)?;LC502;LC177;BORG-01;T.E. 2-III;1;AVLO. Convenios
Actividad Comercial;¿En qué canal NO es posible adquirir billetes AVLO con el código de tarifa LC177 (Organismo)?;Web renfe.com;Venta Telefónica;App Renfe;Taquillas VCX;2;AVLO. Convenios
Actividad Comercial;"Para ofertas de ""Congresos y Ferias"" en AVLO, ¿cuál es la duración máxima del evento?";2 días.;4 días.;7 días.;1 mes.;1;AVLO. Congresos y Ferias
Actividad Comercial;¿Qué indemnización corresponde por un fallo de climatización sin reparación durante el viaje en AVLO?;10%;25%;50%;100%;3;AVLO. Posventa
Actividad Comercial;¿De cuánto tiempo dispone el cliente para el cobro de indemnizaciones automáticas tras el viaje en AVLO?;1 mes.;3 meses.;6 meses.;1 año.;1;AVLO. Posventa
Actividad Comercial;"¿Cuántos dígitos tiene la contraseña impresa en billetes AVE/LD para obtener el ""CombinadoCercanías""?";3 dígitos.;4 dígitos.;5 dígitos.;6 dígitos.;2;CombinadoCercanías
Actividad Comercial;¿Cuál es la edad mínima para solicitar la Tarjeta Más Renfe?;12 años.;14 años.;18 años.;No hay edad mínima.;1;Programa Más Renfe
Actividad Comercial;¿Qué gasto debe realizar un titular Más Renfe Clásica para recibir directamente la tarjeta Plata?;500 €;750 €;1.000 €;2.000 €;1;Programa Más Renfe. Niveles
Actividad Comercial;¿Cuál es la permanencia obligatoria en el nivel Oro antes de poder acceder al nivel Platino?;6 meses.;Un año.;Dos años.;No hay permanencia si se gasta más de 6.000€.;1;Programa Más Renfe. Tarjeta Oro
Actividad Comercial;¿A partir de qué gasto un titular Más Renfe pasa a ser nivel Platino?;Entre 2.000 y 6.000 €.;Más de 6.000 €.;Más de 10.000 €.;Más de 12.000 €.;1;Programa Más Renfe. Tarjeta Platino
Actividad Comercial;¿Cuándo podrá el titular Más Renfe disponer de sus puntos tras haber efectuado el viaje?;A las 12 horas.;A las 24 horas.;A las 48 horas.;A los 7 días.;2;Programa Más Renfe. Puntos
Actividad Comercial;¿Qué caducidad tienen los Puntos Renfe desde la emisión del extracto si no se consumen?;1 año.;2 años.;3 años.;No caducan nunca.;2;Programa Más Renfe. Validez Puntos
Actividad Comercial;¿Cuál es el límite de canje de puntos por un vale descuento en el área privada Más Renfe?;500 puntos.;1.000 puntos.;2.000 puntos.;Sin límite.;1;Programa Más Renfe. Vales
Actividad Comercial;¿Cuál es el horario de atención del Centro de Servicios Tarjeta Más Renfe?;24 horas.;De 9 a 21 h.;De 8 a 20 h.;Solo mañanas de 9 a 14 h.;2;Programa Más Renfe. Centro Servicios
Actividad Comercial;¿Qué porcentaje de obtención de puntos tiene un titular Más Renfe Platino en trenes AVE?;3%;4%;5%;8%;3;Programa Más Renfe. Anexo 1
Actividad Comercial;¿Qué beneficio de planificación de viaje anual tiene un titular Más Renfe Oro?;1 código descuento del 50%.;1 código descuento del 100%.;3 Upgrades a Premium.;Acceso ilimitado a parking.;1;Programa Más Renfe. Anexo 1
Actividad Comercial;¿Cuál es el precio anual de la Tarjeta Más Renfe Joven?;25 €;30 €;50 €;Es gratuita.;2;Tarjeta Más Renfe Joven
Actividad Comercial;¿Qué descuento ofrece la Tarjeta Más Renfe Joven en trenes AVE e Intercity?;25%;30%;50%;Variable según antelación.;1;Tarjeta Más Renfe Joven. Descuentos
Actividad Comercial;¿En qué plazo se puede anular por error la Tarjeta Más Renfe Joven si no se han comprado billetes?;24 horas.;7 días.;14 días posteriores a la compra.;30 días.;2;Tarjeta Más Renfe Joven. Anulación [63/66]
Actividad Comercial;¿Qué deducción se aplica por gastos de anulación en billetes comprados con Tarjeta Joven en Avant?;15%;20%;30%;50%;2;Tarjeta Más Renfe Joven. Anulaciones
Actividad Comercial;¿Cuál es el precio del Abono Único Normal?;30 €;45 €;60 €;90 €;2;Abono Único
Actividad Comercial;¿Qué validez tiene el Abono Único desde la fecha de inicio seleccionada?;15 días.;30 días naturales.;1 mes natural.;3 meses.;1;Abono Único
Actividad Comercial;¿Cuál es el máximo de formalizaciones diarias activas por Abono Único en servicios con reserva?;2 formalizaciones.;4 formalizaciones.;6 formalizaciones.;Sin límite.;1;Abono Único
Actividad Comercial;¿Qué bloqueo se aplica a un titular de Abono Único tras 3 usos indebidos?;Bloqueo de 30 días.;Prohibición de sacar uno nuevo en 60 días.;Multa de 100 euros.;Pérdida de la Tarjeta Dorada.;1;Abono Único. Formalización
Actividad Comercial;"¿Cuál es el descuento inicial de la suscripción ""Pase Vía"" para Avant?";25%;30%;45%;50%;2;Abono Pase Vía
Actividad Comercial;¿Cuál es el incremento aplicado si la indemnización por retraso se cobra en Puntos Renfe (Servicios Comerciales)?;25%;50%;100%;150%;2;Condiciones Posventa [84/86]
Actividad Comercial;En Rodalies de Catalunya, ¿qué retraso da derecho a una devolución del 50% en metálico?;Superior a 15 min.;Superior a 30 min.;Superior a 60 min.;No existe tramo del 50%.;1;Condiciones Posventa
Actividad Comercial;¿Cuál es la indemnización por un retraso de 60 minutos y 01 segundo en un tren AVE?;25%;50%;75%;100%;1;Condiciones Posventa (Tramos)
Actividad Comercial;¿Cuál es el descuento de la Tarjeta Dorada en trenes AVE de lunes a domingo?;25%;40%;50%;10% adicional.;0;Tarjeta Dorada (Resumen)
Actividad Comercial;¿Qué descuento tiene la Tarjeta Dorada en Media Distancia Convencional?;25%;40%;50%;No tiene descuento fijo.;1;Tarjeta Dorada (Resumen)
Actividad Comercial;¿Cuál es el precio fijo para el acompañante de un titular de Tarjeta Dorada (Plaza H) en Servicios Comerciales?;3 €;5 €;7 €;10 €;2;Tarjeta Dorada. Condiciones
Actividad Comercial;¿Qué compensación económica fija corresponde a un retraso de entre 60 y 119 min con pase Interrail?;6 €;12 €;15 €;24 €;1;N.I.V. Interrail. Indemnizaciones
Actividad Comercial;¿Cuál es el porcentaje de devolución por ausencia de restauración a la plaza en opción Prémium?;10%;20%;50%;100%;1;Tabla Indemnizaciones Automáticas
Actividad Comercial;"¿Qué significa que un sistema de protección de trenes sea ""Puntual"" (ej: ASFA)?";Que funciona solo si el tren va con puntualidad.;Que obtiene información en lugares fijos de la infraestructura.;Que la comunicación es permanente.;Que se detiene automáticamente cada 5 km.;1;Sistemas de protección de trenes
Actividad Comercial;¿Qué artículo del Reglamento 2021/782 regula la indemnización si se demuestra causa de fuerza mayor?;Artículo 3.2;Artículo 14;Artículo 19.10;Artículo 28.2;2;Condiciones Posventa
Actividad Comercial;"¿Qué plazo de validez tiene el nuevo título de transporte gratuito obtenido tras una ""Devolución Exprés"" en Valencia?";15 días naturales desde su emisión.;30 días naturales desde su emisión.;3 meses desde la fecha del retraso.;90 días desde la fecha de solicitud.;1;T.E. 1 III.3.1 (Devolución Exprés)
Actividad Comercial;En el Abono Pase Vía, ¿qué sucede exactamente si el viajero se suscribe por un trimestre pero solo utiliza el abono durante un periodo de 45 días?;Se le cancela la suscripción por falta de uso.;Se le considera suscrito a un abono de 10 viajes y se le cobra la diferencia si no los realiza.;"Se le aplica un recargo fijo de 50 euros por ""uso intensivo parcial"".";No ocurre nada, mantiene las condiciones trimestrales sin cargos adicionales.;1;T.E. 4 III.5 (Condiciones Pase Vía)
Actividad Comercial;Según el sistema de protección LZB, ¿qué magnitud se muestra de forma TEMPORAL en el aparato indicador de cabina (AICC)?;Velocidad real y velocidad límite.;Distancia meta y velocidad meta.;Solo la velocidad límite.;Únicamente el ID del Maquinista.;1;Bloque 5 (8.5.2 LZB)
Actividad Comercial;¿Cuál es la indemnización por la carencia de restauración en plaza en opción Prémium si hay una deficiencia de climatización parcial?;Se suman ambas (20% + 50%).;Se aplica únicamente la más beneficiosa (50%).;Se aplica la de restauración (20%) y un vale de 10€ por el aire.;100% del billete por acumulación de fallos.;1;T.E. 1 III.3.3 (Incompatibilidad - Prioridad)
Actividad Comercial;En el acuerdo AJC, si la conexión internacional es entre estaciones diferentes de la misma localidad, ¿cuál es el tiempo mínimo de enlace exigido?;30 minutos.;45 minutos.;60 minutos.;90 minutos.;1;Acuerdo AJC (Emisión del Justificante)
Actividad Comercial;¿Qué artículo del Reglamento 2021/782 se cita como base para eximir de indemnización por fuerza mayor en billetes integrados?;Artículo 3.2;Artículo 14.1;Artículo 19.10;Artículo 28.5;2;T.E. 1 III.3.1 (Billetes Integrados)
Actividad Comercial;Sobre el equipaje de mano en grupos AVLO: ¿Qué dimensiones máximas NO puede superar el bulto más grande de los tres permitidos?;55 x 35 x 25 cm;85 x 55 x 35 cm;30 x 120 x 38 cm;180 cm sumando las tres dimensiones.;1;Normativa AVLO (Equipajes Grupos)
Actividad Comercial;¿En qué fecha exacta entró en vigor la prohibición de acceso a los trenes con patinetes y dispositivos eléctricos con baterías?;28/6/22;15/9/23;28/11/23;12/12/23;3;Condiciones Generales (Histórico Versión 2)
Actividad Comercial;¿Cuál es el orden de aplicación de descuentos en AVLO si un cliente es Familia Numerosa y titular de Tarjeta Ferroviaria?;Simultáneo sobre el precio base.;Primero Familia Numerosa y sobre ese resultado el descuento Ferroviario.;Primero Ferroviario y luego Familia Numerosa.;No son acumulables en el producto AVLO.;1;Normativa AVLO (Acumulación de descuentos)
Actividad Comercial;¿Qué porcentaje de horas de formación en Seguridad Integral recibieron las mujeres en Renfe Viajeros según los datos de 2020?;4,61%;6,55%;8,30%;31,13%;1;II Plan de Igualdad (3.2.5 Formación Viajeros)
Actividad Comercial;Un titular Más Renfe Oro, ¿cuándo puede pasar al nivel Platino si ha superado los 6.000€ de gasto a los 4 meses?;Inmediatamente al superar el umbral.;Al finalizar el mes natural.;Debe permanecer obligatoriamente en el nivel Oro durante un año.;A los 6 meses de permanencia mínima.;2;Programa Fidelización (Tarjeta Oro)
Actividad Comercial;En las Salas Club, ¿qué acompañantes se permiten de forma excepcional a un titular Oro o Platino?;Solo cónyuges.;Menores de 14 años únicamente.;Menores de 18 años que viajen con ellos en el mismo tren.;No se admiten acompañantes bajo ningún concepto.;2;T.E. 1 IV.3 (Acompañantes)
Actividad Comercial;"¿Cómo se define el ""Techo de Cemento"" en el glosario del II Plan de Igualdad?";Barrera invisible que limita el ascenso laboral.;Límites de las mujeres para crecer por falta de referentes o modelos de mujer.;Diferencia salarial en puestos de igual valor.;"El hecho de que el hombre sea ""objeto de aprecio"" y la mujer de ""deseo"".";1;II Plan de Igualdad (Anexo: Glosario)
Actividad Comercial;¿Qué indemnización corresponde por un retraso de 60 minutos exactos en un tren de Larga Distancia (Alvia)?;25%;50%;100%;Ninguna.;1;T.E. 1 III.3.1 (Tramos retrasos LD)
Actividad Comercial;Según el bloque de Conocimientos Ferroviarios, ¿qué sistema de protección permite circular a una velocidad máxima de 350 km/h?;ASFA;LZB;ETCS N1;ETCS N2;3;Bloque 5 (8.5.4 Comparativa)
Actividad Comercial;¿Cuál es la puntuación máxima que puede alcanzar cada factor en el sistema de valoración de puestos de trabajo?;50 puntos.;100 puntos.;500 puntos.;1.000 puntos.;1;II Plan de Igualdad (4.2.3 Sistema Analítico)
Actividad Comercial;¿Qué porcentaje de devolución corresponde por la ausencia de aseos en un tren de Media Distancia Convencional (Regional)?;10%;25%;50%;100%;1;T.E. 1 III.3.3 (Obligación Servicio Público)
Actividad Comercial;En el Spain Rail Pass, ¿cuántos días tiene el viajero para realizar los viajes tras la primera formalización?;15 días.;30 días naturales.;1 mes.;6 meses.;2;Spain Rail Pass (Facsímil Anexo 2)
Actividad Comercial;"¿Qué número de tren identificaría a un ""tren especial"" creado para una necesidad inmediata?";5063;18903;80442;95412;3;Bloque 5 (9.2.3 Número de tren)
Actividad Comercial;En el cálculo de reembolsos de un Abono Mensual de viajes ilimitados en Cercanías, ¿por qué cifra se divide el precio del título?;10;40;50;100;2;T.E. 1 III.3.1 (Títulos Multiviaje)
Actividad Comercial;Según el procedimiento de menores sin acompañante, ¿con qué antelación mínima debe adquirirse el billete?;24 horas.;48 horas antes de la hora oficial de salida del tren.;72 horas.;Hasta el cierre de la venta del tren.;1;T.E. 3 I.5.2 (Normas Generales Menores)
Actividad Comercial;"¿Qué es un ""Surco"" ferroviario de forma textual?";La marca del carril en el balasto.;La franja horaria asignada a un tren.;La unidad de capacidad que define horario, origen, paso y destino.;El dispositivo de enganche entre coches.;2;Bloque 5 (9.5.1 Planificación)
Actividad Comercial;¿Cuál es el precio fijo para el acompañante de una Tarjeta Dorada en plaza H en trenes de SERVICIO PÚBLICO?;7 euros.;Un máximo de 7 euros.;El 50% del billete del titular.;3 euros.;1;Tarjeta Dorada (Condiciones plaza H)
Actividad Comercial;En el NPS, ¿cómo se denominan los clientes que otorgan una puntuación de 7 u 8?;Neutrales.;Pasivos o Neutrales.;Indiferentes.;Clientes Tipo B.;1;Experiencia Cliente (Indicadores NPS)
Actividad Comercial;¿Qué porcentaje de reducción se aplica a una penalización por acceso indebido si se paga en el día 29?;0%;15%;25%;50%;3;Condiciones Generales (3.2 Penalizaciones)
Actividad Comercial;¿En qué estaciones está CERRADA la Sala Club según la actualización del 23/09/25?;Valladolid y Córdoba.;Madrid-Chamartín y Valladolid.;Valencia y Sevilla.;Madrid-Atocha y Barcelona Sants.;1;T.E. 1 IV.3 (Anexo 2 Salas Club)
Actividad Comercial;Según el bloque ferroviario, ¿a qué distancia de la señal de focos se instala habitualmente la baliza previa del sistema ASFA?;5 metros.;100 metros.;300 metros.;500 metros.;2;Bloque 5 (8.5.1 ASFA)
Actividad Comercial;En una anulación de billete AVLO de grupo, ¿qué gastos se aplican si se realiza entre 30 y 15 días antes de la salida?;15%;30%;50%;75%;1;Normativa AVLO (Grupos - Anulación)
Actividad Comercial;¿Cuál es el ancho de vía internacional o estándar?;1.000 mm;1.435 mm;1.668 mm;1.674 mm;1;Bloque 5 (Glosario / Infraestructura)
Actividad Comercial;Según la auditoría retributiva, ¿cuántas escalas contempla el Sistema de Valoración de Puestos de Renfe?;13;45;57;60;2;II Plan de Igualdad (Auditoría)
II Plan de Igualdad;¿En qué ley se basa el II Plan de Igualdad de Género del Grupo Renfe?;Ley 31/1995 de Prevención de Riesgos Laborales.;Ley Orgánica 3/2007 para la igualdad efectiva de mujeres y hombres.;Ley 38/2015 del Sector Ferroviario.;Ley 16/1987 de Ordenación de los Transportes Terrestres.;1;1. INTRODUCCIÓN
II Plan de Igualdad;¿Qué grupo de trabajo constituyó la base para la elaboración del Plan?;Mesa Técnica de Formación y Empleo.;Mesa Técnica de Igualdad y Aspectos Sociolaborales del II Convenio Colectivo.;Comité de Dirección del Grupo Renfe.;Comisión de Seguridad Operacional.;1;Participantes en la elaboración del Plan
II Plan de Igualdad;¿A qué plan estratégico de la compañía se vincula el II Plan de Igualdad?;Plan Estratégico 2010-2015.;Plan Estratégico 2019-2023.;Plan de Transformación Digital 2024.;Plan de Sostenibilidad 2030.;1;2.3.1. Plan Estratégico de Renfe
II Plan de Igualdad;¿Cuál es la fecha de actualización de los datos del informe diagnóstico por sociedades?;31 de diciembre de 2017.;30 de junio de 2019.;31 de diciembre de 2020.;15 de julio de 2025.;2;3. DIAGNÓSTICO
II Plan de Igualdad;Según el diagnóstico, ¿quién era el responsable de la E.P.E. Renfe Operadora?;Sonia Araujo López.;Joaquín del Moral Salcedo.;Isaías Táboas Suárez.;Francisco Javier Fernández Rodríguez.;2;3.1.2. Información básica de la empresa
II Plan de Igualdad;¿Cuál es el NIF de la Entidad Pública Empresarial Renfe Operadora?;A86868189.;Q2801659J.;B86868239.;Q2801659A.;1;3.1.2. Información básica de la empresa
II Plan de Igualdad;¿Cuántas mujeres componían el Comité General de Empresa del Grupo Renfe según los datos de representación legal?;0 de 13.;2 de 13.;5 de 15.;6 de 12.;1;Representación Legal de los Trabajadores
II Plan de Igualdad;¿Qué porcentaje de la plantilla de la E.P.E. Renfe Operadora eran hombres en el diagnóstico de 2020?;31,13%.;50,00%.;68,87%.;87,10%.;2;3.1.2. Información básica de la empresa
II Plan de Igualdad;En los procesos de selección externa, ¿qué principio se garantiza junto con igualdad, mérito y capacidad?;El principio de residencia.;El principio de equilibrio de género para el género subrepresentado.;El principio de antigüedad militar.;El principio de exclusividad territorial.;1;3.1.4. Análisis cuantitativo de la plantilla
II Plan de Igualdad;¿Cuál es la modalidad contractual generalizada en todas las sociedades del Grupo Renfe?;Contrato temporal por obra.;Contrato indefinido a tiempo completo.;Contrato de relevo parcial.;Contrato de prácticas para menores de 25.;1;3.1.4. Análisis cuantitativo de la plantilla
II Plan de Igualdad;En la E.P.E., ¿qué representaba el contrato indefinido a tiempo completo para las mujeres en 2017?;50,00%.;85,50%.;97,78%.;100,00%.;2;3.1.4. Análisis cuantitativo de la plantilla
II Plan de Igualdad;¿Quién está excluido de las condiciones de trabajo reguladas en el Convenio Colectivo de Grupo?;El personal de conducción.;El personal operativo de talleres.;El personal de estructura de dirección con condiciones especiales pactadas.;El personal administrativo de ingreso.;2;Condiciones de trabajo
II Plan de Igualdad;¿Cuántas personas utilizaron el permiso acumulado de lactancia en la E.P.E. en el diagnóstico?;14 (7 hombres y 7 mujeres).;10 (todas mujeres).;20 (todos hombres).;No hubo solicitudes.;0;3.1.5. Análisis de igualdad por materia
II Plan de Igualdad;¿Dónde se publicó el protocolo para la prevención del acoso sexual en Renfe en 2010?;En la página web de Renfe.;En el Boletín Oficial del Estado (BOE).;En el tablón de anuncios de las estaciones.;En la memoria anual de RR.HH.;1;Prevención del acoso sexual y por razón de sexo
II Plan de Igualdad;¿Cuál es la dimensión total de personas trabajadoras en Renfe Viajeros según el diagnóstico?;1.057.;2.908.;9.354.;16.000.;2;3.2.2. Información básica de la empresa
II Plan de Igualdad;¿Qué colectivo concentra el mayor porcentaje de mujeres en Renfe Viajeros (56,38% de su plantilla femenina)?;Conducción.;Talleres.;Comercial.;Estructura de Dirección.;2;Clasificación profesional
II Plan de Igualdad;Según el diagnóstico de Renfe Mercancías, ¿cuál es el porcentaje de mujeres en la plantilla?;5,01%.;10,57%.;12,90%.;31,13%.;1;3.3.2. Información básica de la empresa
II Plan de Igualdad;¿Qué antigüedad concentra a 760 hombres en Renfe Mercancías en 2017?;Menos de 1 año.;De 1 a 3 años.;De 6 a 10 años.;Más de 10 años.;3;3.3.4. Análisis cuantitativo de la plantilla
II Plan de Igualdad;¿En qué año se constituyó Renfe Fabricación y Mantenimiento?;1941.;1992.;2005.;2013.;3;3.4.2. Información básica de la empresa
II Plan de Igualdad;¿Cuántos centros de trabajo tiene Renfe Fabricación y Mantenimiento?;30.;99.;140.;225.;1;3.4.2. Información básica de la empresa
II Plan de Igualdad;En Renfe F&M, ¿cuál era la representación de las mujeres dentro del colectivo de Talleres en 2017?;5,01%.;10,25%.;41,10%.;94,99%.;0;Clasificación profesional
II Plan de Igualdad;¿Cuál era el número total de personas en Renfe Alquiler de Material Ferroviario en 2017?;5.;7.;13.;30.;0;3.5.4. Análisis cuantitativo de la plantilla
II Plan de Igualdad;¿Qué porcentaje de horas de formación realizaron las mujeres en Renfe Alquiler en 2017?;20%.;50%.;80%.;100%.;2;Formación
II Plan de Igualdad;¿Qué objeto tiene la auditoría retributiva según el Plan?;Aumentar el salario del personal directivo.;Comprobar si el sistema retributivo cumple con el principio de igualdad entre mujeres y hombres.;Justificar la brecha salarial por antigüedad.;Calcular los gastos de gestión de billetes.;1;4.1.1. Objetivo y contenido de la auditoría retributiva
II Plan de Igualdad;¿Cuántas escalas contempla en total el Sistema de Valoración de puestos de trabajo?;13.;45.;57.;60.;2;4.1.3. Sistema analítico / 4.5.3
II Plan de Igualdad;¿Qué puntuación máxima puede alcanzar cada factor en el sistema de valoración de puestos?;50 puntos.;100 puntos.;500 puntos.;1.000 puntos.;1;4.2.3. Sistema analítico
II Plan de Igualdad;"¿Cómo se define el ""Techo de Cemento"" en el Glosario?";Barrera invisible para puestos directivos.;Límites que tienen las mujeres para crecer por falta de referentes o modelos de mujer.;Diferencia salarial en trabajos nocturnos.;Falta de medios materiales en talleres.;1;Anexo: Glosario de términos [111, 363 (Test hist)]
II Plan de Igualdad;"¿Cómo se define ""Acción Positiva""?";Dar premios a clientes por fidelidad.;Medidas temporales en favor de las mujeres para corregir desigualdades de hecho.;Un sistema de puntos en formación.;Un programa de seguridad operacional.;1;Anexo: Glosario de términos
II Plan de Igualdad;¿Cuál es la vigencia temporal establecida para el II Plan de Igualdad?;2 años.;4 años.;5 años.;Indefinida.;1;6.7. Vigencia
II Plan de Igualdad;¿Cuándo se considera necesaria una revisión integral del plan tras su implantación?;Transcurridos 6 meses.;Transcurrido 1 año.;Transcurridos 2 años.;Al finalizar los 4 años.;2;6.7. Vigencia
II Plan de Igualdad;¿Cuál es el propósito del Grupo Renfe con este Plan?;Reducción de costes operativos.;Reducción y eliminación de todas las manifestaciones de discriminación por razón de sexo.;Internacionalización de los servicios.;Transformación digital de la venta.;1;6. ESTRUCTURA, ESTRATEGIAS Y ACCIONES
II Plan de Igualdad;¿Cuántas áreas de acción o actuación tiene el Plan?;5.;7.;9.;12.;2;6.6. Áreas de acción
II Plan de Igualdad;"¿Qué busca promover la primera medida del área de ""Acceso al Grupo Renfe""?";La exclusividad de hombres en talleres.;La paridad en los tribunales y órganos de selección.;El acceso sin DNI para menores.;La externalización de la selección.;1;6.8.1. Acceso al Grupo Renfe
II Plan de Igualdad;¿Cuál es el plazo para aplicar un procedimiento estandarizado de selección con perspectiva de género?;1 mes.;3 meses.;6 meses.;Permanente.;1;Acciones y medidas - Acceso
II Plan de Igualdad;¿Qué se debe incluir en el temario de las convocatorias según la acción 5 de acceso?;La historia del vapor en España.;Aspectos más importantes de la ley de igualdad y el plan de igualdad.;Normativa de objetos prohibidos en AVLO.;Código de circulación del CTC.;1;Acciones y medidas - Acceso
II Plan de Igualdad;En movilidad funcional, ¿qué se analiza eliminar para no penalizar a las mujeres?;El examen psicotécnico.;La valoración de la antigüedad al ordenar a las personas.;La entrevista personal.;El requisito de idiomas.;1;6.8.2. Condiciones de trabajo y carrera profesional
II Plan de Igualdad;¿Quién es responsable de realizar una memoria anual específica de representatividad por sexo?;El Observatorio de Igualdad.;La Comisión de Seguimiento.;El Ministerio de Transportes.;El Sindicato S.E.M.A.F.;1;Acciones y medidas - Carrera
II Plan de Igualdad;¿Cuándo deben realizar un curso de formación en igualdad las personas asignadas a superior categoría?;Antes del ascenso.;A lo largo del año siguiente.;A los 2 años de antigüedad.;No es obligatorio.;1;Acciones y medidas - Formación
II Plan de Igualdad;¿Cuál es el plazo para crear un apartado específico en la intranet para igualdad tras la aprobación del Plan?;1 mes.;3 meses.;6 meses.;1 año.;1;Acciones y medidas - Comunicación
II Plan de Igualdad;¿Qué guía se debe utilizar para la adaptación de textos según el área 5?;Diccionario panhispánico de dudas.;Guía de lenguaje no sexista.;Manual de estilo de Renfe Agencias.;Normas de la RAE exclusivamente.;1;Acciones y medidas - Lenguaje
II Plan de Igualdad;¿Qué se garantiza en el área de retribuciones según el criterio del Plan?;Salario mínimo de 1.500€.;El principio de igualdad salarial por igual trabajo.;Cobro de indemnizaciones en Puntos Renfe.;Bonos de productividad solo para hombres.;1;6.8.7. Retribuciones
II Plan de Igualdad;"¿Qué diferencia salarial igual o superior se considera ""brecha salarial"" para requerir justificación en la auditoría?";10%.;15%.;25%.;50%.;2;4.4.7. Plan de actuación
II Plan de Igualdad;¿Cómo se denomina el sistema de gestión del Plan que permite alcanzar compromisos?;Modelo de Seguridad Operacional.;Círculo de mejora continua (Medición, Diagnóstico, Mejora, Seguimiento).;Plan de Transformación Digital.;Sistema de Gestión de Colas.;1;7.1. Metodología de trabajo
II Plan de Igualdad;¿Qué mesa es la responsable de realizar el seguimiento del Plan de Igualdad?;Mesa de Personal.;Mesa Técnica de Igualdad y Aspectos Sociolaborales (MTIASL).;Mesa de Seguridad Integral.;Mesa de Coordinación Operativa.;1;Instrumentos para la gobernanza
II Plan de Igualdad;¿Qué órgano técnico de apoyo se incorpora como novedad en el Plan?;Oficina de Seguridad Ferroviaria.;Observatorio de Igualdad de Género.;Gabinete de Presidencia.;Centro de Formación ETPCO.;1;7.2.2. Observatorio de Igualdad de Género
II Plan de Igualdad;¿Cuántos representantes por cada parte componen la Comisión de Igualdad?;5.;8.;13.;25.;1;7.2.5. Recursos
II Plan de Igualdad;En el documento de Experiencia de Cliente, ¿qué género gramatical se utiliza siguiendo a la RAE?;Femenino genérico.;Masculino como género gramatical no marcado e inclusivo.;"Uso sistemático de la ""@"".";"Uso de la ""x"" en todas las palabras.";1;Nociones básicas de Experiencia de Cliente
II Plan de Igualdad;¿Qué porcentaje de la plantilla masculina en la E.P.E. tiene contrato indefinido a tiempo completo?;73,65%.;95,00%.;98,77%.;100,00%.;2;3.1.4. Análisis cuantitativo de la plantilla
II Plan de Igualdad;¿A qué ODS (Objetivos de Desarrollo Sostenible) se vincula expresamente el Grupo Renfe?;Solo al ODS 5 de Igualdad.;A los 17 ODS que marcan la Agenda de Naciones Unidas.;A los ODS de salud exclusivamente.;Renfe no trabaja con ODS.;1;2.3.3. Objetivos de Desarrollo Sostenible
II Plan de Igualdad;¿Quién preside el Grupo Renfe según el diagnóstico (dato 2020/2021)?;Sonia Araujo.;Isaías Táboas Suárez.;Gema Ordúñez.;Francisco Javier Fernández.;1;3.1.2. Información básica de la empresa
II Plan de Igualdad;¿Qué porcentaje de la plantilla masculina en la E.P.E. tenía contrato indefinido a tiempo completo en 2017?;66,48%;95,50%;98,77%;100%;2;3.1.4 Análisis cuantitativo
II Plan de Igualdad;"En Renfe Viajeros (2017), ¿cuál era el porcentaje de mujeres adscritas al colectivo de ""Conducción""?";5,01%;8,30%;9,67%;12,90%;2;Clasificación Profesional (Viajeros)
II Plan de Igualdad;Según la auditoría de Renfe Mercancías (2021), ¿qué diferencia de retribución equiparada se observa en la categoría A90?;3,81%;5,49%;7,08%;8,63%;2;4.2.5 Identificación de brechas
II Plan de Igualdad;"¿Qué escala de valoración del sistema analítico corresponde al puesto de ""Maquinista Jefe del Tren""?";Escala 11;Escala 21;Escala 22;Escala 34;2;4.2.3 Sistema analítico (Tabla)
II Plan de Igualdad;"¿Cuál es la puntuación máxima asignable al factor ""Nivel de supervisión que conlleva el puesto""?";50 puntos;100 puntos;500 puntos;Sin límite;1;4.1.3 Sistema analítico
II Plan de Igualdad;"En Renfe Fabricación y Mantenimiento, ¿qué porcentaje de promociones en 2020 se debieron a ""antigüedad""?";17,81%;36,22%;64,62%;91,18%;2;3.4.5 Análisis (Promoción F&M)
II Plan de Igualdad;"¿Qué categoría profesional de Renfe Viajeros presentaba una brecha salarial justificada por un ""plus de expatriación"" en 2021?";K11;L12;L22;G10;2;4.1.5 Análisis Específico (Viajeros)
II Plan de Igualdad;¿Cuál es el plazo de ejecución para desarrollar una base de datos de perfiles profesionales de mujeres cualificadas?;3 meses;6 meses;1 año;Permanenete;1;6.8.2 Acciones - Carrera
II Plan de Igualdad;"En el área de ""Comunicación y Sensibilización"", ¿qué plazo se fija para crear el club del empleado para actividades familiares?";3 meses;6 meses;1 año;Sin plazo determinado;1;6.8.5 Acciones - Comunicación
II Plan de Igualdad;"¿Cómo se define el término ""Suelo Pegajoso"" en el glosario del Plan?";Diferencia salarial por turnos.;Tareas de limpieza asignadas a mujeres.;Fuerzas que mantienen a las mujeres en los niveles más bajos de la jerarquía.;Barrera invisible para puestos directivos.;2;Anexo: Glosario de términos
II Plan de Igualdad;"¿Qué porcentaje de horas de formación en ""Habilidades"" recibieron las mujeres en Renfe Mercancías en 2020?";28,45%;44,95%;59,78%;81,25%;2;3.3.5 Formación (Mercancías)
II Plan de Igualdad;¿Cuál es el NIF específico de la sociedad Renfe Mercancías S.M.E., S.A.?;Q2801659J;B86868239;A86868189;Q2801659A;1;3.3.2 Información básica
II Plan de Igualdad;"¿Cuántas escalas de valoración se consideran ""residuales"" en la E.P.E. por tener menos de 4 personas?";5;10;15;Todas aquellas que no son de Conducción;2;4.1.4 Distribución por escalas
II Plan de Igualdad;"¿A qué subgrupo profesional pertenece el código ""L32""?";Op. Comercial de Entrada N1;Op. Comercial de Entrada N2;Op. Comercial de Ingreso N2;Supervisor Comercial;1;4.2.3 Sistema analítico (Cuadro común)
II Plan de Igualdad;¿Qué porcentaje de mujeres integraban la plantilla de Renfe Alquiler en el diagnóstico de 2020?;20,00%;33,52%;42,86%;50,00%;2;3.5.4 Análisis cuantitativo
II Plan de Igualdad;Según la acción 3 del área de carrera, ¿quién es responsable de publicar el porcentaje de ocupación por sexo para movilidad?;G.A. Selección;G.A. RR.LL. y Comunicación Interna;Comisión de Seguimiento;Ministerio de Transportes;1;6.8.2 Acciones y Medidas
II Plan de Igualdad;¿Qué desviación salarial en el promedio total de una sociedad se requiere para que NO exista brecha salarial según el texto?;Inferior al 10%;Inferior al 15%;No superior al 25%;Debe ser 0%;2;4.1.5 Identificación de brechas
II Plan de Igualdad;¿Qué motivo de baja en Renfe Viajeros (2017) supuso la salida de 519 personas?;Jubilación Voluntaria;Fin de Contrato;Desvinculación con Título de Transporte;Pase a IPA;2;3.2.5 Selección y Contratación
II Plan de Igualdad;¿En qué sociedad se detectó que la única mujer de la categoría G03 estuvo cedida hasta octubre de 2021?;E.P.E.;Renfe Viajeros;Renfe Mercancías;Renfe Alquiler;1;4.2.5 Análisis Específico (Viajeros)
II Plan de Igualdad;"¿Qué factor del sistema de valoración analiza la ""Necesidad de organizar el trabajo propio o de otras personas""?";Conocimientos;Aptitudes;Responsabilidad;Esfuerzo;2;4.1.3 Sistema analítico
II Plan de Igualdad;¿Cuál es la vigencia establecida para el I Plan de Igualdad (citado como antecedente)?;2005-2009;2010-2015;2015-2019;2019-2023;1;2.2 Antecedentes
II Plan de Igualdad;En Renfe F&M (2020), ¿qué porcentaje de mujeres hay en el colectivo de Talleres?;1,81%;5,01%;6,38%;No se especifica dato exacto para 2020;1;Clasificación Profesional (F&M)
II Plan de Igualdad;¿Qué objetivo tiene la Mesa Técnica de Igualdad y Aspectos Sociolaborales (MTIASL)?;Organizar los turnos de conducción.;Elaborar y realizar el seguimiento del Plan de Igualdad.;Investigar accidentes ferroviarios.;Gestionar el canje de Puntos Renfe.;1;Participantes en la elaboración
II Plan de Igualdad;Según el glosario, ¿cómo se denomina el hecho de que el hombre sea objeto de aprecio y la mujer de deseo?;Sexismo benévolo;Heteropatriarcado;Cosificación;Techo de cemento;2;Anexo: Glosario de términos
II Plan de Igualdad;¿Cuántas personas utilizaron el permiso de lactancia acumulada en Renfe Mercancías en 2020?;7;8;10;14;2;3.3.5Análisis de igualdad (Mercancías)
II Plan de Igualdad;"¿Cuál es la ""Escala 45"" en el sistema de valoración?";Op. Comercial de Ingreso N1;Op. Comercial de Ingreso N2;Maquinista de Entrada;Técnico de Ingreso;1;4.2.3 Sistema analítico (Cuadro común)
II Plan de Igualdad;¿Qué acción busca impulsar una nueva regulación de vacaciones para personas con menores de 16 años?;Acción 1 del Área de Conciliación;Acción 5 del Área de Formación;Acción 2 del Área de Salud;No existe esa medida;0;6.8.6 Áreas de Acción - Conciliación
II Plan de Igualdad;En el diagnóstico de la E.P.E. (2020), ¿qué tramo de edad concentra 540 personas?;De 20 a 29 años;De 30 a 45 años;Mayores de 45 años;Menores de 20 años;2;3.1.4 Análisis cuantitativo
II Plan de Igualdad;¿Qué documento es la base para la descripción de la mayoría de los Puestos Tipo?;Manual de Conducción;Acuerdo de Desarrollo Profesional;Reglamento del Sector Ferroviario;Ley 31/1995;1;4.1.3 Sistema analítico
II Plan de Igualdad;"¿Qué porcentaje de horas de formación en ""Seguridad Integral"" realizaron los hombres en la E.P.E. en 2020?";62,63%;75,55%;90,95%;93,45%;2;3.1.5 Formación (EPE)
II Plan de Igualdad;¿Cuál es el nombre del Director General de Renfe Viajeros que firma la auditoría?;Joaquín del Moral Salcedo;Rafael Cortés Navarro;Francisco Arteaga Gómez;Javier Pérez López;1;Auditoría (Viajeros - Firma)
II Plan de Igualdad;¿Qué categoría en Renfe Mercancías (2021) presentaba una brecha de -96,13% (a favor de la mujer)?;T31;T41;T63;G01;0;4.3.5 Identificación de brechas (Mercancías)
II Plan de Igualdad;¿Cómo se denomina al órgano que elabora anualmente el informe sobre la aplicación del principio de igualdad?;Mesa de Personal;Observatorio de Igualdad de Género;Comisión de Seguimiento;Ministerio de Hacienda;1;7.2.2 Observatorio de Igualdad
II Plan de Igualdad;¿Cuál es el periodo máximo de conservación de datos según la Ley de Protección de Datos citada?;2 años;3 años;5 años;10 años;2;Viaje de menores sin acompañante (Info Protección Datos)
II Plan de Igualdad;¿Qué porcentaje de mujeres hay en la escala de valoración 1 en la E.P.E. según la auditoría?;11%;23%;29%;40%;1;4.1.4 Descripción de los datos (EPE)
II Plan de Igualdad;¿Qué diferencia de retribución efectiva se observa en la Escala 22 de la E.P.E.?;15,78%;15,90%;89,04%;-141,56%;2;4.1.5 Promedios (EPE)
II Plan de Igualdad;"¿Cuál es la ""Escala 20"" en el sistema de valoración?";Maquinista Jefe del Tren;Maquinista Principal;MMII Conducción;MMII Talleres;2;4.2.3 Sistema analítico (Cuadro común)
II Plan de Igualdad;¿Qué área de actuación tiene como medida 5 integrar la perspectiva de género en licitaciones sobre uniformidad?;Área 1: Acceso;Área 2: Condiciones de trabajo;Área 3: Formación;Área 8: Salud Laboral;1;6.8.2 Acciones - Condiciones de Trabajo
II Plan de Igualdad;¿Cuántas escalas de valoración contempla el sistema (mencionado repetidamente)?;45;50;57;60;2;4.1.3 / 4.2.3 / 4.3.3 / 4.4.3
II Plan de Igualdad;¿Qué justificaba la brecha salarial de la Escala 38 en la E.P.E. según el análisis de 2021?;Una reducción de jornada por guarda legal;Una mujer con dos periodos contractuales;Un hombre expatriado con plus de expatriación;Una incorporación en diciembre;1;4.1.5 Análisis Específico (Escalas EPE)
II Plan de Igualdad;En Renfe Viajeros (2020), ¿cuál era el porcentaje de mujeres en la plantilla total?;12,90%;16,00%;18,70%;31,13%;1;3.2.2 Información básica (Viajeros)
II Plan de Igualdad;¿Qué acción fija un plazo de 3 meses para incluir temas de igualdad en el temario de las convocatorias?;Acción 1;Acción 2;Acción 5;Acción 6;2;6.8.1 Acciones - Acceso
II Plan de Igualdad;¿Qué diferencia salarial presentaba la Escala 15 en la E.P.E. a favor del colectivo mujeres?;3,50%;13,07%;25,00%;141,56%;3;4.1.5 Promedios Retribución Efectiva (EPE)
II Plan de Igualdad;¿Qué colectivo tiene su propia escala de valoración del 50 al 57?;Conducción;Comercial;Fabricación y Mantenimiento;Estructura de Apoyo;2;4.2.3 Sistema analítico (Cuadro común)
II Plan de Igualdad;¿Cuál es el responsable de evaluar continuamente el cumplimiento de la paridad en tribunales?;G.A. Selección;Comisión de Seguimiento;Ministerio de Trabajo;Presidente del Grupo;1;6.8.1 Acciones - Evaluación continua
II Plan de Igualdad;En Renfe Mercancías (2017), ¿cuántas mujeres tenían más de 10 años de antigüedad?;12;45;169;781;1;3.3.4 Análisis cuantitativo (Mercancías)
II Plan de Igualdad;¿Qué indicador de la auditoría corrige las diferencias de permanencia parcial en un puesto durante el año?;Salario Base;Retribución Efectiva;Retribución Equiparada o Anualizada;Plus de Nocturnidad;2;4.1.2 / 4.2.2 Metodología
II Plan de Igualdad;¿Cuál era el número total de centros de trabajo de Renfe Mercancías en el diagnóstico?;13;30;50;99;1;3.3.2 Información básica (Mercancías)
II Plan de Igualdad;"¿Qué escala corresponde a ""Op. Comercial Especializado N2""?";Escala 34;Escala 35;Escala 36;Escala 39;2;4.2.3 Sistema analítico (Cuadro común)
II Plan de Igualdad;¿Qué porcentaje de la plantilla total del Grupo Renfe son mujeres según la introducción (dato aproximado)?;10%;13%;25%;31%;1;2.1 Grupo Renfe
II Plan de Igualdad;¿Qué porcentaje de hombres en Renfe Mercancías (2017) se situaba en el tramo de antigüedad de más de 10 años?;53,41%;68,87%;74,22%;87,15%;3;3.3.4 Análisis cuantitativo (Mercancías)
II Plan de Igualdad;"En la Auditoría Retributiva, ¿qué factor de valoración mide el ""impacto de las decisiones en los resultados""?";Conocimientos;Aptitudes;Responsabilidad;Esfuerzo;2;4.1.3 Sistema analítico
II Plan de Igualdad;¿Qué desviación de retribución efectiva se registró en la Escala 34 de la E.P.E. a favor de los hombres?;3,40%;8,76%;15,67%;23,52%;2;4.1.5 Promedios (EPE)
II Plan de Igualdad;Según la acción 5 del área de acceso, ¿qué plazo se establece para incluir la Ley de Igualdad en los temarios?;1 mes;3 meses;6 meses;1 año;1;6.8.1 Acciones y Medidas
II Plan de Igualdad;"¿Cuál es el código de escala para el puesto de ""Operador de Entrada de Fabricación y Mantenimiento""?";Escala 45;Escala 50;Escala 56;Escala 57;2;4.2.3 Cuadro común (F&M)
II Plan de Igualdad;¿Qué justificaba la brecha salarial en la categoría L22 (Op. Comercial N2) de la E.P.E. en 2021?;Reducción de jornada por guarda legal;Cobro de plus de residencia;Entrada y salida de trabajadores durante el año;Exceso de horas extraordinarias;2;4.1.5 Análisis específico (Escalas EPE)
II Plan de Igualdad;En Renfe Viajeros (2020), ¿qué porcentaje de las bajas totales correspondieron a desvinculaciones con título de transporte?;12,45%;25,60%;55,48%;74,22%;2;3.2.5 Selección y Contratación
II Plan de Igualdad;¿Qué órgano es responsable de velar por el cumplimiento de la paridad en los tribunales de selección?;G.A. Selección;Comisión de Seguimiento;Observatorio de Igualdad;Presidencia;1;6.8.1 Acción 1
II Plan de Igualdad;"¿Cómo se define en el glosario la ""Diferencia de retribución entre puestos de igual valor""?";Brecha salarial;Brecha de género;Discriminación retributiva;Salario equiparado;0;Anexo: Glosario
II Plan de Igualdad;¿Qué porcentaje de la plantilla de Renfe Fabricación y Mantenimiento eran mujeres en el diagnóstico de 2020?;1,81%;5,01%;6,38%;10,57%;1;3.4.2 Información básica (F&M)
II Plan de Igualdad;"¿Cuál es la puntuación mínima asignada al factor ""Riesgo físico"" en el sistema de valoración?";0 puntos;10 puntos;25 puntos;50 puntos;0;4.2.2 Sistema analítico
II Plan de Igualdad;¿Qué categoría de Renfe Mercancías presentó una brecha salarial del 96,13% a favor de las mujeres en retribución efectiva?;T31;T41;K31;G01;0;4.3.5 Identificación de brechas
II Plan de Igualdad;"En la E.P.E., ¿qué porcentaje de mujeres ocupaba puestos de ""Estructura de Dirección"" en 2017?";12,40%;24,03%;31,13%;42,86%;1;Clasificación Profesional (EPE)
II Plan de Igualdad;¿Cuál es el responsable de elaborar el informe anual sobre la aplicación del principio de igualdad?;G.A. RR.LL.;Comisión de Seguimiento;Observatorio de Igualdad de Género;Ministerio de Transportes;2;7.2.2 Observatorio de Igualdad
II Plan de Igualdad;¿Qué plazo de ejecución tiene la medida para integrar la perspectiva de género en las licitaciones de uniformidad?;6 meses;1 año;Continuo;No se especifica plazo;2;6.8.2 Acciones - Condiciones de trabajo
II Plan de Igualdad;En Renfe Alquiler (2017), ¿cuántas mujeres formaban parte de la plantilla?;5;7;13;30;0;3.5.4 Análisis cuantitativo
II Plan de Igualdad;"¿Qué escala corresponde al puesto de ""Supervisor de Servicios a Bordo AVE y EUROMED""?";Escala 30;Escala 31;Escala 34;Escala 36;2;4.2.3 Cuadro común (Comercial)
II Plan de Igualdad;Según la auditoría, ¿qué porcentaje de diferencia equiparada total existe en Renfe Viajeros?;15,67%;20,67%;24,24%;31,13%;1;4.2.5 Diferencias retributivas
II Plan de Igualdad;"¿Qué factor evalúa la ""necesidad de tratar con personas ajenas a la empresa"" en la valoración de puestos?";Responsabilidad;Conocimientos;Aptitudes (Relaciones externas);Esfuerzo;2;4.1.3 Factores de valoración
II Plan de Igualdad;¿Qué porcentaje de hombres en la E.P.E. tenía más de 10 años de antigüedad en el diagnóstico de 2020?;45,60%;62,30%;74,22%;81,10%;2;3.1.4 Análisis cuantitativo
II Plan de Igualdad;¿Qué justifica la brecha salarial de la Escala 38 (Op. Comercial N1) en la E.P.E.?;Un plus de peligrosidad;Incorporación en diciembre de un trabajador;Reducción de jornada por cuidado de hijos;Cobro de incentivos de ventas del año anterior;1;4.1.5 Análisis específico (Escalas EPE)
II Plan de Igualdad;"¿Cuál es el nombre del responsable de ""Prestación de Servicios y Experiencia Cliente"" que firma el Plan?";Francisco Arteaga;Juan Manuel Hidalgo Guisado;Angel Luis Matesanz;Isaías Táboas;1;Firma de Normas Comerciales y Plan
II Plan de Igualdad;¿Qué medida de conciliación busca impulsar una nueva regulación de vacaciones para familias con menores de 16 años?;Acción 1 - Conciliación;Acción 3 - Carrera;Acción 5 - Formación;Acción 8 - Salud;0;6.8.6 Áreas de Acción
II Plan de Igualdad;"¿Qué porcentaje de promociones por ""antigüedad"" se registró en Renfe Mercancías en 2017?";50%;75%;100%;0%;2;3.3.5 Promoción (Mercancías)
II Plan de Igualdad;"¿A qué subgrupo profesional pertenece el código ""L31""?";Op. Comercial N1;Op. Comercial de Entrada N1;Supervisor Comercial;Técnico de Ingreso;1;4.2.3 Cuadro común
II Plan de Igualdad;En la metodología de la auditoría, ¿cómo se denomina el salario que corrige las diferencias temporales por días de alta?;Salario Efectivo;Salario Base;Retribución Equiparada;Retribución Bruta;2;4.1.2 Metodología
II Plan de Igualdad;"¿Qué porcentaje de horas de formación en ""Seguridad Integral"" recibieron las mujeres en Renfe Viajeros (2020)?";4,61%;6,55%;8,30%;12,90%;1;3.2.5 Formación (Viajeros)
II Plan de Igualdad;"¿Cuál es la Escala de valoración asignada al puesto de ""Maquinista de Entrada""?";Escala 24;Escala 25;Escala 26;Escala 27;1;4.2.3 Cuadro común (Conducción)
II Plan de Igualdad;¿Qué desviación salarial efectiva se detectó en la Escala 15 de la E.P.E. a favor de las mujeres?;-3,50%;-15,40%;-24,24%;-141,56%;3;4.1.5 Promedios (EPE)
II Plan de Igualdad;¿Cuál es el plazo para crear un club del empleado para actividades familiares en el área de comunicación?;3 meses;6 meses;1 año;Permanente;1;6.8.5 Acciones
II Plan de Igualdad;En Renfe F&M (2020), ¿qué porcentaje de hombres tenía contrato indefinido a tiempo completo?;73,65%;91,18%;95,54%;100%;1;3.4.4 Análisis cuantitativo
II Plan de Igualdad;¿Qué factor del sistema analítico tiene un peso de 100 puntos en todas las categorías?;Todos los factores tienen ese máximo;Solo Conocimientos;Solo Responsabilidad;Ninguno tiene peso fijo;0;4.2.2 / 4.1.3
II Plan de Igualdad;¿Qué medida busca garantizar que las mujeres no sean penalizadas en movilidad funcional por periodos de cuidado?;Acción 1 - Carrera;Acción 2 - Carrera;Acción 5 - Acceso;Acción 1 - Conciliación;1;6.8.2 Carrera Profesional
II Plan de Igualdad;¿Cuál era el NIF de la E.P.E. Renfe Operadora en el diagnóstico?;B86868239;A86868189;Q2801659J;Q2801659A;2;3.1.2 Información básica
II Plan de Igualdad;"¿Cuántas escalas de valoración se consideran ""residuales"" en la Auditoría de Renfe Viajeros por tener < 4 personas?";15;22;34;45;1;4.2.4 Descripción de los datos
II Plan de Igualdad;"¿Qué escala corresponde al ""Maquinista Jefe del Tren""?";Escala 20;Escala 21;Escala 22;Escala 23;2;4.2.3 Cuadro común
II Plan de Igualdad;"¿Qué brecha salarial justificada por ""plus de expatriación"" se detectó en la categoría L22 de Viajeros?";5,49%;12,30%;15,78%;23,50%;2;4.2.5 Análisis específico (Viajeros)
II Plan de Igualdad;Según la Auditoría de Renfe Mercancías (2021), ¿cuál es la brecha en la categoría A90?;3,81%;5,49%;7,08%;8,63%;2;4.3.5 Identificación de brechas
II Plan de Igualdad;¿Qué diferencia salarial equiparada presenta la categoría L12 (Op. Comercial Especializado N2) en Viajeros?;4,20%;10,79%;12,45%;15,67%;1;4.2.5 Promedios (Viajeros)
II Plan de Igualdad;¿Cuál es la vigencia total establecida para el II Plan de Igualdad?;2 años;3 años;4 años;Indefinida;2;6.7 Vigencia
II Plan de Igualdad;¿En qué año se registró la ausencia total de denuncias por acoso en la E.P.E.?;Solo en 2017;Solo en 2020;En ambos ejercicios (2017 y 2020);No se dispone del dato;2;3.1.5 Análisis por materias
II Plan de Igualdad;"¿Qué escala corresponde a ""Mandos Intermedios Conducción""?";Escala 18;Escala 20;Escala 21;Escala 22;1;4.2.3 Cuadro común
II Plan de Igualdad;¿Qué diferencia salarial presentaba la Escala 56 de Renfe F&M por falta de permanencia anual del colectivo mujer?;5,49%;11,02%;15,67%;25,10%;0;4.4.5 Análisis específico (F&M)
II Plan de Igualdad;¿Qué acción busca promover la presencia de mujeres en áreas donde están subrepresentadas en movilidad geográfica?;Acción 3 - Carrera;Acción 4 - Carrera;Acción 1 - Acceso;Acción 2 - Conciliación;1;6.8.2 Acciones y medidas
II Plan de Igualdad;¿Cuál es el presupuesto anual asignado al Plan de Igualdad según el texto?;100.000 €;1.000.000 €;Se utilizan los recursos humanos y materiales de las áreas responsables;No tiene presupuesto;2;7.2.5 Recursos
II Plan de Igualdad;¿Qué porcentaje de la plantilla masculina en Viajeros (2017) tenía contrato indefinido?;85,50%;93,41%;97,78%;100,00%;1;3.2.4 Análisis cuantitativo
II Plan de Igualdad;"¿Cómo se define el ""Suelo Pegajoso"" en el glosario de términos?";Tareas de limpieza asignadas a mujeres;Diferencia salarial en puestos base;Fuerzas que mantienen a las mujeres en los niveles más bajos de la jerarquía;Barrera invisible para puestos directivos;2;Anexo: Glosario de términos
II Plan de Igualdad;¿Qué porcentaje de mujeres integraban la plantilla de Renfe Operadora según el dato introductorio global?;9,28%;13,00%;31,13%;42,86%;1;2.1 Grupo Renfe
II Plan de Igualdad;"¿Qué factor de valoración mide el ""Esfuerzo físico y mental"" exigido por el puesto?";Responsabilidad;Aptitudes;Esfuerzo;Conocimientos;2;4.1.3 Factores de valoración
II Plan de Igualdad;¿Qué acción obliga a revisar los textos e imágenes anualmente para evitar contenidos sexistas?;Acción 1 - Lenguaje;Acción 2 - Lenguaje;Acción 5 - Comunicación;Acción 3 - Formación;1;6.8.5 Lenguaje y Comunicación
II Plan de Igualdad;¿Cuál es la ley fundamental en la que se basa el II Plan de Igualdad de Renfe?;Ley 31/1995.;Ley Orgánica 3/2007.;Ley 38/2015.;Ley 16/1987.;1;1. INTRODUCCIÓN
II Plan de Igualdad;¿Qué se busca eliminar principalmente con este Plan?;Los trenes de gasoil.;La discriminación por razón de sexo.;El uso de papel en las oficinas.;Las paradas en estaciones pequeñas.;1;1. INTRODUCCIÓN
II Plan de Igualdad;¿A qué personas de la empresa se aplica este Plan de Igualdad?;Solo a las mujeres.;Solo a los directivos.;A la totalidad de la plantilla.;Solo al personal de estaciones.;2;6.5. Alcance y ámbitos de aplicación
II Plan de Igualdad;¿Cuál es el propósito general del Grupo Renfe con este Plan?;Reducir el gasto en luz.;Promover la igualdad real entre mujeres y hombres.;Aumentar el número de vías.;Cambiar el color de los trenes.;1;6.1. Propósito del Grupo Renfe
II Plan de Igualdad;"Según el glosario, ¿cómo se define ""Género""?";Características biológicas.;Papeles sociales construidos para hombres y mujeres.;Tipo de motor del tren.;Categoría de billete comercial.;1;8. Anexo: Glosario
II Plan de Igualdad;"¿Qué son las ""Acciones Positivas""?";Premios por puntualidad.;Medidas temporales en favor de las mujeres para corregir desigualdades.;Descuentos en billetes AVE.;Cursos de idiomas extranjeros.;1;8. Anexo: Glosario
II Plan de Igualdad;"¿Qué significa ""Techo de Cristal""?";Un tipo de vagón panorámico.;Barrera invisible que limita el ascenso laboral de las mujeres.;El límite de altura en los túneles.;Una norma de limpieza en talleres.;1;8. Anexo: Glosario
II Plan de Igualdad;"¿Cómo se define el ""Sexo"" en el glosario del Plan?";Características biológicas que distinguen al macho de la hembra.;Comportamiento aprendido en la sociedad.;Preferencia por un tipo de tren.;Clasificación profesional del trabajador.;0;8. Anexo: Glosario
II Plan de Igualdad;"¿Qué es la ""Corresponsabilidad""?";Compartir las ganancias del tren.;Reparto equilibrado de las tareas domésticas y cuidados.;Responsabilidad de dos maquinistas en cabina.;El seguro obligatorio de viajeros.;1;8. Anexo: Glosario
II Plan de Igualdad;"¿A qué se refiere el término ""Invisibilidad"" de las mujeres?";A que no usan uniforme.;A que sus aportaciones han sido negadas u ocultadas históricamente.;A que no trabajan en horario nocturno.;A la falta de luz en las oficinas.;1;8. Anexo: Glosario
II Plan de Igualdad;¿Qué busca erradicar el Plan respecto a los puestos de trabajo?;El trabajo presencial.;La feminización o masculinización de ciertos puestos.;El uso de herramientas manuales.;Los turnos de fin de semana.;1;6.4. Objetivos del plan
II Plan de Igualdad;¿Cuántas áreas de actuación principales tiene el Plan?;Tres.;Cinco.;Nueve áreas.;Doce.;2;6.6. Áreas de acción
II Plan de Igualdad;¿Qué área de acción trata sobre el lenguaje y las imágenes?;Área 1.;Área 3.;Área 5: Lenguaje e imagen no sexista.;Área 9.;2;6.6. Áreas de acción
II Plan de Igualdad;¿Qué área de acción se ocupa de la Violencia de Género?;Área 2.;Área 4.;Área 7.;Área 9: Violencia de género.;3;6.6. Áreas de acción
II Plan de Igualdad;¿Cuál es la vigencia temporal establecida para este Plan?;Un año.;Dos años.;Cuatro años.;Diez años.;2;6.7. Vigencia
II Plan de Igualdad;¿Cada cuánto tiempo se prevé realizar una revisión integral del Plan?;Cada mes.;Cada seis meses.;Cada dos años.;Solo al final de los cuatro años.;2;6.7. Vigencia
II Plan de Igualdad;¿Qué principio rige el acceso al empleo en Renfe?;Azar.;Igualdad, mérito y capacidad.;Antigüedad familiar.;Solo entrevista personal.;1;6.8.1. Acceso al Grupo Renfe
II Plan de Igualdad;¿Qué se busca promover en los tribunales de selección?;Que sean solo de hombres.;La paridad entre mujeres y hombres.;Que no haya nadie de sindicatos.;Que sean externos a la empresa.;1;6.8.1. Acceso al Grupo Renfe
II Plan de Igualdad;¿Qué debe incluirse en el temario de las convocatorias de empleo?;La ley de extranjería.;Aspectos de la ley de igualdad y el plan de igualdad.;Manual de cocina para trenes.;Historia del arte español.;1;6.8.1. Acceso al Grupo Renfe
II Plan de Igualdad;¿Qué se prioriza para las personas que se reincorporan tras una excedencia por cuidado?;El cambio de ciudad.;Las acciones de formación.;La reducción de sueldo.;El despido inmediato.;1;6.8.3. Formación
II Plan de Igualdad;"¿Qué se pretende con la ""Guía de medidas de conciliación""?";Que nadie la lea.;Fomentar su uso entre los hombres.;Venderla a otras empresas.;Cobrar por los permisos.;1;6.8.4. Comunicación y sensibilización
II Plan de Igualdad;¿Qué tipo de lenguaje se debe utilizar en las convocatorias y manuales?;Lenguaje técnico complejo.;Lenguaje inclusivo de género.;Solo lenguaje en inglés.;Lenguaje coloquial.;1;6.8.5. Lenguaje e imagen no sexista
II Plan de Igualdad;"¿Qué busca la medida de ""Flexibilidad Horaria""?";Que se trabaje más horas.;Ayudar a conciliar la vida personal y laboral.;Eliminar los relojes de fichar.;Que cada uno entre cuando quiera sin avisar.;1;6.8.6. Tiempo de trabajo y conciliación
II Plan de Igualdad;¿Qué principio se garantiza en el área de retribuciones?;A mayor edad, mayor sueldo.;Igual salario por trabajo de igual valor.;Cobrar en moneda extranjera.;Sueldos variables según el sexo.;1;6.8.7. Retribuciones
II Plan de Igualdad;¿Qué se incluye en los reconocimientos médicos según el Plan?;Pruebas de conducción.;La perspectiva de género.;Solo pruebas de visión.;Exámenes de fuerza física obligatorios.;1;6.8.8. Salud laboral
II Plan de Igualdad;¿Qué se garantiza a las trabajadoras víctimas de violencia de género?;La pérdida del puesto.;La confidencialidad de su situación.;El traslado a otro país.;Un aumento de sueldo automático.;1;6.8.9. Violencia de género
II Plan de Igualdad;¿Qué órgano se encarga de vigilar el cumplimiento del Plan?;El Ministerio de Hacienda.;La Comisión de Seguimiento del Plan de Igualdad.;El cuerpo de policía nacional.;Los clientes del AVE.;1;7.2. Instrumentos para la gobernanza
II Plan de Igualdad;¿Cómo se llama el grupo de trabajo técnico que apoya a la Mesa de Igualdad?;Observatorio de Precios.;Observatorio de Igualdad de Género.;Comité de Sabios.;Grupo de Vigilancia.;1;7.2.2. Observatorio de Igualdad de Género
II Plan de Igualdad;¿Qué método de trabajo sigue el Plan para mejorar?;Círculo de mejora continua.;Método de ensayo y error.;No tiene método fijo.;Solo órdenes directas del Presidente.;0;7.1. Metodología de trabajo
II Plan de Igualdad;"¿Qué representa el ""Suelo Pegajoso"" en el glosario?";La limpieza de las estaciones.;Fuerzas que mantienen a las mujeres en los niveles más bajos de la empresa.;El peligro de resbalar en los talleres.;El límite de velocidad en curvas.;1;8. Anexo: Glosario
II Plan de Igualdad;"¿Qué es el ""Techo de Cemento""?";El techo de los túneles antiguos.;Límites que tienen las mujeres para crecer por falta de referentes femeninos.;Una medida de seguridad en edificios.;El peso máximo de carga de un vagón.;1;8. Anexo: Glosario
II Plan de Igualdad;"¿Qué es la ""Cosificación"" según el glosario?";Convertir un tren en un museo.;Tratar a una persona (especialmente a la mujer) como un objeto.;Guardar cosas en el almacén.;Organizar los turnos de trabajo.;1;8. Anexo: Glosario
II Plan de Igualdad;¿Qué objetivo tiene la Auditoría Retributiva?;Contar el dinero de las cajas.;Comprobar si el sistema de sueldos es igualitario.;Revisar el precio de los billetes.;Calcular los impuestos del año.;1;4.1.1. Objetivo auditoría
II Plan de Igualdad;¿En qué año se firmó el protocolo de acoso sexual de Renfe?;1941.;1975.;2010.;2024.;2;5. PROTOCOLO ACOSO
II Plan de Igualdad;¿Qué se busca evitar con las imágenes publicitarias en Renfe?;Que salgan trenes viejos.;El sesgo sexista y los estereotipos.;Que salgan demasiados paisajes.;El uso del color rojo.;1;6.4. Objetivos del plan
II Plan de Igualdad;"¿Qué porcentaje máximo de un sexo define una ""Composición Equilibrada""?";50%.;60%.;80%.;100%.;1;8. Anexo: Glosario
II Plan de Igualdad;"¿Y cuál es el porcentaje mínimo para esa ""Composición Equilibrada""?";10%.;20%.;40%.;50%.;2;8. Anexo: Glosario
II Plan de Igualdad;"¿Qué significa ""Transversalidad"" de género?";Cruzar las vías con cuidado.;Integrar la igualdad en todos los departamentos y decisiones.;Viajar en trenes transversales.;Usar ropa de ambos sexos.;1;8. Anexo: Glosario
II Plan de Igualdad;¿Cuál es la sociedad matriz del grupo?;Renfe Mercancías.;Renfe Viajeros.;E.P.E. Renfe Operadora.;Renfe Alquiler.;2;3.1. DIAGNÓSTICO E.P.E.
II Plan de Igualdad;¿Qué colectivo es tradicionalmente el más masculinizado en Renfe?;Comercial.;Administración.;Conducción (Maquinistas).;Limpieza.;2;3.2.6. Conclusiones Viajeros
II Plan de Igualdad;¿Qué pretende el Plan respecto a las profesiones STEM?;Que no haya mujeres.;Fomentar la incorporación de mujeres en tecnología e ingeniería.;Que solo las estudien los directivos.;Eliminar estos puestos de la empresa.;1;2.3.1. Plan Estratégico
II Plan de Igualdad;¿Qué se celebra el 8 de marzo (mencionado en el espíritu del Plan)?;El aniversario de Renfe.;El día del trabajador ferroviario.;El Día Internacional de las Mujeres.;La llegada del AVE a Madrid.;2;1. INTRODUCCIÓN (Contexto)
II Plan de Igualdad;¿Qué permite el buzón de sugerencias de la intranet?;Pedir comida a domicilio.;Aportar ideas sobre igualdad de oportunidades.;Quejarse del clima.;Comprar billetes con descuento.;1;6.8.4. Comunicación
II Plan de Igualdad;¿A qué ODS se vincula directamente el Plan de Igualdad?;ODS 1.;ODS 5: Igualdad de Género.;ODS 10.;ODS 17.;1;2.3.3. ODS
II Plan de Igualdad;¿Qué se hace con las denuncias de acoso según el protocolo?;Se ignoran.;Se tratan con un procedimiento específico y garantista.;Se publican en el periódico.;Se resuelven por sorteo.;1;5. PROTOCOLO ACOSO
II Plan de Igualdad;"¿Qué busca el ""Club del Empleado""?";Hacer fiestas nocturnas.;Potenciar actividades infantiles y familiares.;Organizar torneos de fútbol solo para hombres.;Vender ropa de la empresa.;1;6.8.4. Comunicación
II Plan de Igualdad;"¿Qué significa ""Discriminación Directa""?";Un error en el GPS del tren.;Trato desfavorable a una persona por su sexo de forma clara.;Llegar tarde al trabajo.;No saber usar el ordenador.;1;8. Anexo: Glosario
II Plan de Igualdad;"¿Qué significa ""Discriminación Indirecta""?";Cuando el tren va por una vía secundaria.;Una norma neutra que perjudica más a un sexo sin justificación.;No hablar directamente con el jefe.;Recibir un correo electrónico por error.;1;8. Anexo: Glosario
II Plan de Igualdad;¿Qué órgano aprueba finalmente las mejoras del Plan?;El sindicato mayoritario solo.;La Comisión de Seguimiento / Comité de Dirección.;El Gobierno de España directamente.;Los pasajeros mediante encuesta.;1;7. SISTEMA DE GESTIÓN
II Plan de Igualdad;"¿Cómo se define el ""Impacto de Género""?";El golpe de un tren contra un obstáculo.;Valorar los efectos de una norma en hombres y mujeres para evitar desigualdades.;La fuerza física de un trabajador.;El número de mujeres que viajan en AVE.;1;8. Anexo: Glosario
II Plan de Igualdad;"¿Qué se hace en la fase de ""Diagnóstico"" del Plan?";Arreglar motores averiados.;Analizar la situación actual para ver si hay desigualdades.;Comprar nuevos ordenadores.;Decidir el color de los uniformes.;1;7.1. Metodología
II Plan de Igualdad;"¿Qué es una ""Escala de Valoración"" en la auditoría?";Una escalera para subir al tren.;Una agrupación de puestos de igual valor.;Un sistema para medir el peso del equipaje.;Una lista de precios de billetes.;1;4.1.3. Sistema analítico
II Plan de Igualdad;¿Qué factor se analiza para valorar un puesto?;El color del pelo.;Los conocimientos y la responsabilidad.;La altura del trabajador.;La ciudad donde nació.;1;4.1.3. Sistema analítico
II Plan de Igualdad;¿Cuántos factores principales usa el sistema de valoración?;Tres grupos de factores.;Cincuenta.;Uno solo: el sueldo.;Ninguno, es al azar.;0;4.1.3. Sistema analítico
II Plan de Igualdad;¿Qué se hace si se detecta una brecha salarial no justificada?;Se baja el sueldo a todos.;Se aplican medidas correctoras en el plan de actuación.;Se cierra la empresa.;No se hace nada.;1;4.1.7. Plan de actuación
II Plan de Igualdad;¿Qué se busca con el lenguaje no sexista?;Hablar más rápido.;Visibilizar a las mujeres y evitar su ocultación.;Usar solo palabras en femenino.;Inventar un idioma nuevo.;1;8. Anexo: Glosario
II Plan de Igualdad;¿Quiénes forman parte de la Comisión de Igualdad?;Solo directivos.;Solo mujeres.;Representantes de la empresa y de los sindicatos.;Solo consultores externos.;2;7.2.5. Recursos
II Plan de Igualdad;"¿Qué es el ""Acoso por razón de sexo""?";Un retraso en el tren.;Comportamiento relacionado con el sexo de una persona que atenta contra su dignidad.;Pedir un cambio de turno.;No saludar a un compañero.;1;8. Anexo: Glosario
II Plan de Igualdad;¿Qué garantiza el Plan sobre el uniforme?;Que sea siempre de color gris.;Integrar la perspectiva de género en su diseño y licitación.;Que no sea obligatorio usarlo.;Que lo laven en casa.;1;6.8.2. Carrera Profesional
II Plan de Igualdad;"¿Qué es un ""Puesto Tipo""?";Un puesto de comida en la estación.;Un modelo que define las funciones de un grupo de trabajadores.;El asiento del maquinista.;El lugar donde se ponen los billetes.;1;4.1.3. Sistema analítico
II Plan de Igualdad;"¿Qué significa ""Igualdad de Oportunidades""?";Que todos los billetes cuesten lo mismo.;Mismas garantías de participación para hombres y mujeres.;Que todos los trenes salgan a la misma hora.;Que todos los trabajadores vivan en la misma ciudad.;1;8. Anexo: Glosario
II Plan de Igualdad;"¿Qué es la ""Brecha Salarial""?";La diferencia de sueldo entre un jefe y un becario.;Diferencia de retribución entre mujeres y hombres por trabajos de igual valor.;El dinero que falta en la caja al final del día.;Un descuento especial para jóvenes.;1;8. Anexo: Glosario
II Plan de Igualdad;¿Qué se hace en los cursos de acogida de nuevos empleados?;Se les enseña a conducir.;Se incluye un módulo sobre igualdad y violencia de género.;Se les da un mapa de España.;Se les invita a una comida.;1;6.8.3. Formación
II Plan de Igualdad;"¿Qué es la ""Acción Divulgativa"" del protocolo de acoso?";Una fiesta de disfraces.;Dar a conocer el protocolo a toda la plantilla.;Un sorteo de viajes gratis.;Una reunión secreta de jefes.;1;5. PROTOCOLO (Comunicación)
II Plan de Igualdad;"¿Qué significa que el Plan es ""Dinámico""?";Que se mueve en tren.;Que está abierto a cambios según los resultados evaluados.;Que se hace muy rápido.;Que tiene muchos dibujos.;1;6.3. Principios rectores
II Plan de Igualdad;"¿Qué busca el principio de ""Transversalidad""?";Que las vías sean perpendiculares.;Que la igualdad esté presente en todas las políticas de la empresa.;Que solo se trabaje en horizontal.;Que los trenes crucen fronteras.;1;8. Anexo: Glosario
II Plan de Igualdad;¿Qué se valora en el acceso al empleo además de la igualdad?;La fuerza física siempre.;El mérito y la capacidad.;El color favorito.;La marca del coche.;1;6.8.1. Acceso al Grupo Renfe
II Plan de Igualdad;¿A quién se dirige la formación en igualdad tras un ascenso?;Solo al que no sabe leer.;A las personas asignadas a puestos de superior categoría.;A los que llegan tarde.;A los clientes que se quejan.;1;6.8.3. Formación
II Plan de Igualdad;"¿Qué es la ""Cultura de Igualdad""?";Un museo de pintura.;Valores que respetan y promueven la equidad de género en la empresa.;Saber muchos idiomas.;Conocer la historia de los trenes de vapor.;1;6.1. Propósito
II Plan de Igualdad;¿Qué se hace con los datos de siniestralidad laboral?;Se borran cada mes.;Se desglosan por sexo para detectar diferencias de salud.;Se guardan bajo llave.;Se envían solo a los sindicatos.;1;6.8.8. Salud laboral
II Plan de Igualdad;"¿Qué permite la ""Protección a víctimas de violencia de género""?";Viajar gratis siempre.;Medidas de seguridad y apoyo en el trabajo.;No tener que ir a trabajar nunca.;Cambiar de nombre en la nómina.;1;6.8.9. Violencia de género
II Plan de Igualdad;"¿Qué es el ""Androcentrismo"" según el glosario?";Un tipo de tren moderno.;Visión del mundo que toma al hombre como centro y medida de todas las cosas.;El centro de control de trenes.;Una enfermedad profesional.;1;8. Anexo: Glosario
II Plan de Igualdad;"¿Qué es el ""Patriarcado""?";Un sistema de jubilación antiguo.;Sistema de organización social basado en el predominio del hombre sobre la mujer.;La dirección general de la empresa.;Una marca de trenes.;1;8. Anexo: Glosario
II Plan de Igualdad;"¿Qué busca el Plan respecto a los ""Estereotipos""?";Fomentarlos para vender más.;Eliminarlos para que no influyan en las profesiones.;Usarlos en los uniformes.;Crear nuevos estereotipos.;1;43 / 608
II Plan de Igualdad;"¿Qué es la ""Publicidad Sexista""?";Anuncios que solo salen de noche.;Imágenes que representan a la mujer de forma indigna o como objeto.;Anuncios muy caros.;Publicidad que solo ven las mujeres.;1;8. Anexo: Glosario
II Plan de Igualdad;¿Qué se garantiza en las licitaciones de servicios externos?;Que sean los más baratos siempre.;El compromiso de las empresas externas con la igualdad.;Que no usen trenes.;Que hablen varios idiomas.;1;6.8.1. Acceso
II Plan de Igualdad;"¿Qué es la ""Evaluación del Plan""?";Un examen a los trabajadores.;Comprobar si las medidas están funcionando y logrando objetivos.;Contar el número de trenes.;Mirar el mapa de las estaciones.;1;7. SISTEMA DE GESTIÓN
II Plan de Igualdad;"¿Qué se hace en la fase de ""Planificación""?";Limpiar los trenes.;Decidir qué acciones se van a realizar y quién es el responsable.;Descansar.;Viajar en el AVE.;1;7.1. Metodología
II Plan de Igualdad;"¿Qué significa que un trabajo es ""Feminizado""?";Que solo lo pueden hacer mujeres.;Puesto ocupado mayoritariamente por mujeres, a veces peor valorado.;Un trabajo de costura.;Un término que no existe.;1;8. Anexo: Glosario
II Plan de Igualdad;"¿Qué es el ""Sexismo""?";Un deporte de riesgo.;Actitud que discrimina a las personas por su sexo.;Un tipo de motor diésel.;Una marca de uniformes.;1;8. Anexo: Glosario
II Plan de Igualdad;"¿Qué busca el área de ""Salud Laboral""?";Que el médico sea siempre un hombre.;Incluir la perspectiva de género en la prevención de riesgos.;Que no haya botiquines.;Que todos coman fruta.;1;6.8.8. Salud laboral
II Plan de Igualdad;¿Qué se hace si un tribunal de selección no es paritario?;Se suspende el examen para siempre.;Se solicita su corrección para cumplir con la paridad.;Se deja como está.;Se elige a los candidatos por sorteo.;1;6.8.1. Acceso
II Plan de Igualdad;"¿Qué significa ""Conciliación""?";Un acuerdo de paz entre países.;Equilibrio entre las obligaciones laborales y la vida personal/familiar.;Dormir mucho.;Trabajar solo de día.;1;8. Anexo: Glosario
II Plan de Igualdad;"¿Qué es el ""Acoso Moral""?";Un insulto en la calle.;Hostigamiento psicológico en el trabajo que degrada las condiciones laborales.;Pedir permiso para ir al médico.;Cambiar la contraseña del ordenador.;1;5. PROTOCOLO ACOSO
II Plan de Igualdad;"¿Qué busca la ""Memoria Anual de Igualdad""?";Recoger datos para mejorar y ver el avance del Plan.;Contar cuentos a los empleados.;Guardar fotos de los trenes.;Hacer una lista de la compra.;1;6.8.2. Carrera Profesional
II Plan de Igualdad;"¿Qué es la ""Igualdad Real""?";La que sale en la televisión.;Cuando hombres y mujeres tienen los mismos derechos y oportunidades en la práctica.;Un título nobiliario.;El nombre de una estación de tren.;1;6.1. Propósito
II Plan de Igualdad;"¿Qué se hace en los cursos de ""Habilidades"" para mujeres?";Enseñarles a usar el martillo.;Potenciar su desarrollo profesional y liderazgo.;Darles clases de costura.;Enseñarles a limpiar el tren.;1;3.2.5. Formación
II Plan de Igualdad;"¿Qué es la ""Auditoría"" en el Plan?";Una multa del gobierno.;Un proceso de revisión y control de las medidas.;Una charla del Presidente.;Un viaje de inspección.;1;4. AUDITORÍA RETRIBUTIVA
II Plan de Igualdad;"¿Qué se busca con la ""Corresponsabilidad de los hombres""?";Que paguen la mitad del billete.;Que se involucren igual que las mujeres en el cuidado de la familia.;Que trabajen el doble.;Que conduzcan todos los trenes.;1;6.8.6. Conciliación
II Plan de Igualdad;"¿Qué es el ""Lenguaje Sexista""?";Hablar muy alto.;Uso del lenguaje que discrimina o invisibiliza a un sexo.;Hablar con acento extranjero.;No usar puntos ni comas.;1;8. Anexo: Glosario
II Plan de Igualdad;"¿Qué se hace con las ""Buenas Prácticas"" en igualdad?";Se ocultan.;Se reconocen y se aplican en toda la empresa.;Se cobran aparte.;Se olvidan.;1;4.1.3 / 6.8.1
II Plan de Igualdad;"¿Qué es la ""Violencia de Género"" según la ley citada?";Una pelea en el tren.;Violencia ejercida contra la mujer por el hecho de serlo.;Un robo en la oficina.;Una avería mecánica grave.;1;8. Anexo: Glosario
II Plan de Igualdad;"¿Qué busca el Plan sobre la ""Brecha Tecnológica""?";Que los trenes sean más rápidos.;Eliminar la desigualdad entre hombres y mujeres en el uso de nuevas tecnologías.;Que no haya wifi en el tren.;Usar solo ordenadores viejos.;1;8. Anexo: Glosario
II Plan de Igualdad;"¿Qué es un ""Indicador de Seguimiento""?";Una luz del tren.;Un dato que sirve para medir si una medida está funcionando.;Una señal de stop.;El nombre del revisor.;1;7. SISTEMA DE GESTIÓN
II Plan de Igualdad;"¿Qué se hace en la fase de ""Aplicación""?";Pensar qué hacer algún día.;Ejecutar las medidas y objetivos programados.;Irse de vacaciones.;Vender el mobiliario.;1;7.1. Metodología
II Plan de Igualdad;"¿Qué es la ""Igualdad de Trato""?";Que todos los clientes sean educados.;Ausencia de discriminación directa o indirecta por razón de sexo.;Que todos cobren el mismo sueldo base.;Que todos usen el mismo tipo de silla.;1;8. Anexo: Glosario
II Plan de Igualdad;"¿Qué se garantiza en los procesos de ""Movilidad""?";Que el tren no se mueva.;Que no se penalice a las mujeres por haber tenido hijos o cuidados.;Que todos se muden de ciudad.;Que el viaje sea gratuito para siempre.;1;6.8.2. Carrera Profesional
II Plan de Igualdad;"¿Qué es el ""Círculo de Mejora Continua""?";La rueda de un tren.;Proceso de medir, diagnosticar, mejorar y seguir las acciones.;Una vía circular.;Un grupo de personas sentadas en círculo.;1;7.1. Metodología
II Plan de Igualdad;¿A quién representa la Mesa de Igualdad?;Solo a los dueños de Renfe.;A la organización y a los trabajadores/as.;Solo a los pasajeros.;Solo al Ministerio de Transportes.;1;7.2.1. Mesa Técnica
II Plan de Igualdad;¿Qué es lo más importante para lograr la igualdad real según el Plan?;El compromiso de toda la plantilla y la dirección.;Que los trenes sean nuevos.;Subir el precio de los billetes.;Que todas las estaciones tengan ascensor.;0;6.1. Propósito
Cultura de Seguridad;¿Qué reglamento europeo establece los métodos comunes de seguridad (MCS) sobre los requisitos del SGS?;Reglamento (UE) 2016/796.;Reglamento Delegado (UE) 2018/762.;Directiva (UE) 2016/798.;Directiva (UE) 2016/797.;1;Marco regulador europeo
Cultura de Seguridad;¿Desde cuándo es de obligado cumplimiento el requisito de la Cultura de Seguridad y sus evidencias?;Enero de 2019.;Mediados de 2020.;Diciembre de 2021.;Julio de 2024.;1;Marco regulador europeo
Cultura de Seguridad;¿Dónde se firmó la declaración de la Agencia Ferroviaria de la UE (ERA) a favor de una Cultura de Seguridad?;Madrid.;París.;Dubrovnik.;Bruselas.;2;Marco regulador europeo
Cultura de Seguridad;¿Cuántos atributos característicos de la cultura de seguridad enuncia la Declaración de Dubrovnik?;Seis atributos.;Ocho atributos.;Doce atributos.;Quince atributos.;1;Marco regulador europeo
Cultura de Seguridad;Según el manual de la OACI (2009), ¿cómo se define el núcleo de la Cultura de Seguridad?;Como el cumplimiento estricto del reglamento.;Como la forma en la que las personas se comportan cuando nadie está mirando.;Como la ausencia total de accidentes.;Como la digitalización de los procesos de seguridad.;1;Cultura de Seguridad del Grupo Renfe
Cultura de Seguridad;¿Cuál es el primer componente del resultado de la Cultura de Seguridad según la Figura 3?;Lo que decimos sobre la seguridad.;Lo que realmente hacemos.;Lo que creemos o pensamos.;Los resultados económicos.;2;Cultura de Seguridad del Grupo Renfe
Cultura de Seguridad;¿Dónde se recogen las normas y procedimientos que toda la organización debe conocer y aplicar?;En el Plan Estratégico.;En el Sistema de Gestión de Seguridad (SGS).;En el Convenio Colectivo.;En el Libro Blanco de la RAE.;1;Cultura de Seguridad del Grupo Renfe
Cultura de Seguridad;¿Cuántos principios de Cultura de Seguridad ha definido el Grupo Renfe?;Tres.;Cinco.;Seis.;Ocho.;2;4.1 Nuestros principios de Cultura de Seguridad
Cultura de Seguridad;¿Qué principio (P) establece que la seguridad es un valor irrenunciable, prevalente y consustancial a toda actividad?;P1: Seguridad como valor esencial.;P2: Compromiso y liderazgo.;P3: Responsabilidad personal.;P4: Apertura y confianza.;0;4.1 Nuestros principios de Cultura de Seguridad
Cultura de Seguridad;El principio P1 (Seguridad como valor esencial) está relacionado con qué atributos de la ERA?;AE3 y AE8.;AE1 y AE8.;AE2 y AE5.;AE4 y AE6.;1;4.1 Nuestros principios de Cultura de Seguridad
Cultura de Seguridad;¿Qué creencia sustenta el principio P2 (Compromiso y liderazgo)?;La seguridad es responsabilidad de la oficina técnica.;La forma de liderazgo influye, para bien o para mal, en el comportamiento de los grupos.;El liderazgo solo debe ser directivo.;El compromiso se mide por el número de multas.;1;4.1 Nuestros principios de Cultura de Seguridad
Cultura de Seguridad;¿Qué comportamiento se asocia al principio P3 (Responsabilidad personal)?;Las personas esperan órdenes de sus superiores.;Las personas son proactivas en la gestión de la seguridad.;La seguridad es competencia exclusiva del Maquinista.;Notificar solo cuando el error es grave.;1;4.1 Nuestros principios de Cultura de Seguridad
Cultura de Seguridad;¿Cuántos factores clave ha establecido el modelo inicial para la medición de la Cultura de Seguridad?;Seis factores.;Ocho factores.;Nueve factores.;Quince factores.;1;4.2 Modelo de Cultura de Seguridad: factores clave
Cultura de Seguridad;¿Qué factor (F) se vincula con el clima de libertad para notificar problemas, incluida la autodenuncia?;F1: Compromiso de gestores.;F2: Colaboración y participación.;F3: Cultura justa y notificación.;F4: Comunicación y aprendizaje.;2;4.2 Modelo de Cultura de Seguridad: factores clave
Cultura de Seguridad;¿Qué mide el factor F5 (Gestión de riesgos)?;La cantidad de trenes que circulan al día.;La forma en que se gestionan los riesgos en la operación normal o ante cambios.;El coste de las reparaciones de material.;El número de horas de formación recibidas.;1;4.2 Modelo de Cultura de Seguridad: factores clave
Cultura de Seguridad;¿Qué factor clave analiza cómo las actitudes entre compañeros/as repercuten en las propias actitudes?;F2;F4;F6: Compromiso entre compañeros y compañeras.;F8;2;4.2 Modelo de Cultura de Seguridad: factores clave
Cultura de Seguridad;El factor F7 (Personal y equipamiento) analiza si los recursos son suficientes, adecuados y...;Se compran al menor precio.;Son de última tecnología.;Se utilizan conforme a las prioridades reales.;Están disponibles en todas las estaciones.;2;4.2 Modelo de Cultura de Seguridad: factores clave
Cultura de Seguridad;¿Cuántos facilitadores principales existen en el Grupo Renfe para la implantación de la cultura?;6;8;15;20;2;4.3 Facilitadores para la implantación
Cultura de Seguridad;¿Cuál es el facilitador número 4?;Política de comunicación.;Requisitos de seguridad para los servicios y suministros externos.;Gestión de los recursos.;Fomento y mejora del aprendizaje.;1;4.3 Facilitadores para la implantación
Cultura de Seguridad;"¿Qué facilitador se refiere al ""empoderamiento de las personas""?";Facilitador 5.;Facilitador 7.;Facilitador 10.;Facilitador 15.;1;4.3 Facilitadores para la implantación
Cultura de Seguridad;"¿Cuál es el objetivo del ""Plan de Transformación de la Cultura de Seguridad Operacional""?";Aumentar la velocidad de los trenes.;Lograr el alineamiento cultural de las subculturas con la Cultura de Seguridad deseada.;Reducir el personal de a bordo.;Sustituir el ASFA por el ERTMS en toda la red.;1;Plan de Transformación de la Cultura de Seguridad
Cultura de Seguridad;¿Qué debe tener periodicidad anual preferentemente dentro del Plan de Transformación?;La revisión del temario de examen.;El ciclo de mejora continua.;La compra de uniformes.;La actualización de las tarifas comerciales.;1;6.1 Ciclo de mejora continua
Cultura de Seguridad;¿Cuál es la Fase 2 del ciclo de mejora continua?;Análisis de la cultura.;Diagnóstico de la cultura.;Planificación de mejoras.;Implantación de actividades.;1;6.1 Ciclo de mejora continua
Cultura de Seguridad;¿En qué fase del ciclo se ejecutan las medidas planificadas y se realiza su seguimiento?;Fase 1;Fase 2;Fase 3;Fase 4;3;6.1 Ciclo de mejora continua (Figura 10)
Cultura de Seguridad;¿Cuántas Líneas Estratégicas (LE) se han definido para el cambio de Cultura de Seguridad?;Tres.;Cinco.;Seis.;Diez.;1;Líneas estratégicas para el cambio
Cultura de Seguridad;¿Qué busca la línea LE.01?;Vigilancia y digitalización.;Refuerzo del compromiso y la responsabilidad con los principios de Cultura de Seguridad.;Mejora de los sistemas de relación con terceros.;Capacitación de las personas.;1;Líneas estratégicas para el cambio
Cultura de Seguridad;¿Cuál es el propósito de la línea LE.02?;La gestión de riesgos por todos y todas.;La capacitación de las personas para afrontar con éxito sus responsabilidades.;La integración del SGS.;El liderazgo de los mandos intermedios únicamente.;1;Líneas estratégicas para el cambio
Cultura de Seguridad;¿A quiénes compete la gestión de riesgos según la línea LE.03?;Solo al personal de conducción.;Solo a la Dirección de Seguridad.;Nos compete a todos y todas.;Solo a la Agencia Estatal de Seguridad Ferroviaria.;2;Líneas estratégicas para el cambio
Cultura de Seguridad;"¿Qué línea estratégica se centra en la ""Vigilancia y digitalización""?";LE.02;LE.03;LE.04;LE.05;3;Líneas estratégicas para el cambio
Cultura de Seguridad;"Para superar las resistencias al cambio, ¿qué cuatro elementos debemos garantizar según las ""Consideraciones finales""?";Dinero, tiempo, personal y trenes.;Liderazgo, funciones de seguridad, especialistas en riesgos y vigilancia efectiva.;Publicidad, redes sociales, encuestas y premios.;MCS, SGS, ETI y CIAF.;1;Consideraciones finales (Figura 12)
Cultura de Seguridad;¿Qué síntoma indica un débil proceso de cambio en la organización?;El exceso de formación.;La carencia o escasa presencia de un ejercicio efectivo del liderazgo.;El aumento del uso de la App Renfe.;La compra de material rodante nuevo.;1;Consideraciones finales
Cultura de Seguridad;Según la OACI (2009), ¿qué efecto negativo tuvo que la oficina de seguridad gestionara todo el proceso?;Se gastó demasiado presupuesto.;Eliminó a los ejecutivos y gerentes de línea del proceso de toma de decisiones sobre seguridad.;Los trenes iban más lentos.;No tuvo efectos negativos.;1;Consideraciones finales (Cita OACI)
Cultura de Seguridad;¿Qué factor clave evalúa la existencia de procedimientos adecuados a la forma de actuar de los trabajadores?;F4;F5;F7;F8: Procedimiento y formación.;3;4.2 Modelo de Cultura de Seguridad: factores clave
Cultura de Seguridad;El principio P6 (Aprendizaje y mejora continua) se basa en la creencia de que:;Los errores son fallos individuales que deben castigarse.;La seguridad es un proceso de mejora constante.;La seguridad ya es perfecta en Renfe.;No hace falta aprender más tras el examen de ingreso.;1;4.1 Nuestros principios de Cultura de Seguridad
Cultura de Seguridad;"¿Qué facilitador se encarga de la ""Medición y mejora continua del desempeño""?";Facilitador 3.;Facilitador 6.;Facilitador 10.;Facilitador 14.;2;4.3 Facilitadores para la implantación
Cultura de Seguridad;¿Cuál es la base de los cimientos del modelo de Cultura de Seguridad del Grupo?;Los facilitadores.;Los factores clave.;Los seis principios definidos por el Grupo Renfe.;Los indicadores económicos.;2;4.1 Nuestros principios de Cultura de Seguridad
Cultura de Seguridad;En el modelo de la Figura 4, ¿qué condiciona la aplicación de los principios?;La suerte.;El SGS (Sistema de Gestión de Seguridad).;El precio del billete.;El número de viajeros.;1;4.1 Nuestros principios de Cultura de Seguridad
Cultura de Seguridad;¿Qué factor clave vincula la actitud del gestor/a con la imagen clara que transmite la dependencia?;F1: Compromiso de los gestores y gestoras.;F2;F3;F6;0;4.2 Modelo de Cultura de Seguridad: factores clave
Cultura de Seguridad;Según la línea LE.01, ¿cuál es el ejemplo para la difusión de los principios?;El envío de correos masivos.;El ejemplo a través de las buenas prácticas y la comunicación de resultados.;La imposición de sanciones graves.;Los anuncios en televisión.;1;Líneas estratégicas para el cambio
Cultura de Seguridad;¿Qué busca mejorar la línea LE.04?;La velocidad en vía métrica.;La gestión compartida de riesgos con terceros y la coordinación interna.;El diseño de las estaciones de Cercanías.;El sistema de venta de billetes AVLO.;1;Líneas estratégicas para el cambio
Cultura de Seguridad;¿Qué sucede si existe una Cultura de Seguridad negativa según las conclusiones finales?;Se reducen los costes.;Puede conllevar al incumplimiento de requerimientos legislativos y al origen de errores latentes.;Se mejora la puntualidad.;La empresa gana premios internacionales.;1;Consideraciones finales
Cultura de Seguridad;¿A quién está destinada la formación en materia de gestión de seguridad según la línea LE.02?;Solo al personal de talleres.;A la estructura de dirección, cuadros técnicos, mandos intermedios y personal operativo.;Solo a los nuevos ingresos N2.;Exclusivamente al Presidente del Grupo.;1;Líneas estratégicas para el cambio
Cultura de Seguridad;"¿Qué es la ""Cultura Justa"" según el glosario de factores?";Que todos los trabajadores cobren lo mismo.;Un clima de confianza donde se anima a las personas a aportar información sobre seguridad.;Un sistema de justicia penal interno de Renfe.;El derecho a viajar gratis en clase Premium.;1;4.2 Modelo de Cultura de Seguridad: factores clave (F3)
Cultura de Seguridad;El principio P4 (Apertura y confianza) se relaciona con la capacidad de:;Abrir todas las puertas del tren a la vez.;Comunicar abiertamente los incidentes sin miedo a represalias injustas.;Confiar en que el tren nunca fallará.;No revisar los billetes.;1;4.1 Nuestros principios de Cultura de Seguridad
Cultura de Seguridad;"¿Qué representa el ""ciclo de mejora continua"" en el Plan de Transformación?";La rueda del tren.;El proceso iterativo de análisis, diagnóstico, planificación e implantación.;El turno de trabajo de 8 horas.;La rotación de puestos entre sociedades.;1;6.1 Ciclo de mejora continua
Cultura de Seguridad;¿Qué facilitador número 13 influye en la cultura a través de incentivos?;Gestión de recursos.;Política de premios, sanciones y reconocimientos.;Medición del desempeño.;Capacitación de las personas.;1;4.3 Facilitadores para la implantación
Cultura de Seguridad;El principio P5 (Vigilancia de la seguridad) implica que la seguridad debe ser:;Supervisada solo por Adif.;Monitoreada y evaluada de forma constante para detectar riesgos.;Ignorada si no hay accidentes.;Una tarea opcional para los supervisores comerciales.;1;4.1 Nuestros principios de Cultura de Seguridad
Cultura de Seguridad;"¿Qué facilitador se asocia a la ""Distribución de funciones y responsabilidades""?";Facilitador 1.;Facilitador 6.;Facilitador 9.;Facilitador 12.;1;4.3 Facilitadores para la implantación
Cultura de Seguridad;¿Qué componente del Plan de Transformación cultural genera indicadores de implantación y eficacia?;Los factores clave.;El Plan de Acción desarrollado por los órganos de gobierno.;El manual de Experiencia de Cliente.;El II Plan de Igualdad.;1;6. Transformación de la Cultura de Seguridad
Cultura de Seguridad;"El ""Marco regulador europeo"" indica que el Reglamento 2018/762 exige evidencias de:";Los beneficios económicos de Renfe.;La existencia de la Cultura de Seguridad y su aplicación.;El número de kilómetros de vía de ancho ibérico.;La cantidad de mascotas que viajan en AVLO.;1;Marco regulador europeo
Cultura de Seguridad;¿Qué implica el atributo AE1 de la ERA sobre la seguridad como vector esencial?;Que la seguridad puede verse comprometida si entra en competencia con objetivos de producción.;Que la seguridad no debe verse comprometida al entrar en competencia con otros objetivos.;Que la seguridad depende exclusivamente de la asignación de recursos financieros.;Que la gestión de la seguridad se apoya en un enfoque basado en la norma reglamentaria.;1;Atributos de la ERA (AE1)
Cultura de Seguridad;Según el atributo AE4, ¿qué debe reconocer la organización sobre las limitaciones humanas?;Que la formación elimina cualquier posibilidad de error humano.;Que las personas son siempre responsables de las consecuencias indeseables.;Que las personas pueden verse confrontadas a limitaciones humanas que provocan consecuencias indeseables.;Que la buena voluntad es suficiente para gestionar los riesgos.;2;Atributos de la ERA (AE4)
Cultura de Seguridad;¿Cómo define el Libro Blanco la relación entre el SGS y la Cultura de Seguridad (Figura 1)?;La Cultura de Seguridad es un componente técnico del SGS.;El SGS dice cómo actuar y la Cultura de Seguridad determina el comportamiento final.;La Cultura de Seguridad sustituye al SGS en organizaciones maduras.;El SGS y la Cultura de Seguridad operan de forma independiente y sin contacto.;1;2.3 Relación de la Cultura de Seguridad con el SGS
Cultura de Seguridad;¿Cuál es una ventaja de disponer de una cultura empresarial coherente con la Cultura de Seguridad deseada?;Elimina la necesidad de realizar auditorías externas.;Transmite las señas de identidad de la organización.;Reduce el número de mandos intermedios necesarios.;Permite ignorar los procedimientos en situaciones de urgencia.;1;2.1 Cultura empresarial
Cultura de Seguridad;"Según el modelo de madurez del SGS (Figura 2), ¿qué nivel sigue a la ""Gestión reactiva""?";Compromiso.;Planificación.;Gestión proactiva.;Mejora continua.;2;2.3 Relación de la Cultura de Seguridad con los SGS
Cultura de Seguridad;¿Qué factor clave (F) evalúa la calidad de la información facilitada y su uso para el aprendizaje?;F1: Compromiso de los gestores.;F2: Colaboración y participación.;F4: Comunicación y aprendizaje.;F8: Procedimiento y formación.;2;4.2 Modelo de Cultura de Seguridad: factores clave
Cultura de Seguridad;En el Principio P4 (Apertura y confianza), ¿qué creencia se destaca?;Que los errores son fallos de la dirección.;Que la confianza mutua es necesaria para el reporte de sucesos.;Que el secreto profesional es la base de la seguridad.;Que no se deben notificar los errores propios para no perder la confianza.;1;4.1 Nuestros principios de Cultura de Seguridad
Cultura de Seguridad;¿Qué facilitador (número 7) es crítico para que las personas cumplan con sus responsabilidades?;Gestión de los recursos.;Empoderamiento de las personas (autoridad y recursos).;Distribución de funciones.;Política de comunicación.;1;4.3 Facilitadores para la implantación
Cultura de Seguridad;"¿Cuál es la ""creencia"" asociada al Principio P5 (Vigilancia de la seguridad)?";La seguridad se mantiene sola una vez implantada.;La seguridad requiere de una vigilancia y evaluación constante.;La vigilancia es competencia exclusiva de la oficina de seguridad.;Los indicadores económicos son la mejor vigilancia de la seguridad.;1;4.1 Nuestros principios de Cultura de Seguridad
Cultura de Seguridad;¿Qué línea estratégica (LE) busca la capacitación de las personas para afrontar sus responsabilidades?;LE.01;LE.02;LE.03;LE.04;1;5. Líneas estratégicas para el cambio
Cultura de Seguridad;"Según la Figura 3, ¿qué proporciona la ""coherencia entre el mensaje y su práctica""?";Los valores compartidos.;Lo que realmente hacemos (Comportamientos).;Lo que decimos sobre la seguridad.;Las creencias compartidas.;1;4. Cultura de Seguridad del Grupo Renfe
Cultura de Seguridad;¿Qué factor clave vincula las actitudes entre compañeros y compañeras con la propia actitud individual?;F2;F4;F5;F6;3;4.2 Modelo de Cultura de Seguridad: factores clave
Cultura de Seguridad;¿Qué facilitador número 13 se encarga de incentivar la cultura deseada?;Política de comunicación.;Política de premios, sanciones y reconocimientos.;Gestión de los riesgos.;Medición y mejora continua.;1;4.3 Facilitadores para la implantación
Cultura de Seguridad;Según la Fase 1 del ciclo de mejora continua, ¿qué se pretende lograr?;El diagnóstico de la cultura.;El análisis de la cultura.;La implantación de actividades.;La planificación de mejoras.;1;6.1 Ciclo de mejora continua
Cultura de Seguridad;¿Qué línea estratégica se centra en la mejora de la coordinación interna y con grupos de interés?;LE.02;LE.03;LE.04;LE.05;2;5. Líneas estratégicas para el cambio
Cultura de Seguridad;"En las ""Consideraciones finales"", ¿qué se menciona como un síntoma de un débil proceso de cambio?";El exceso de especialistas en riesgos.;La carencia de un ejercicio efectivo del liderazgo.;El uso de indicadores de implantación.;La distribución clara de funciones.;1;7. Consideraciones finales
Cultura de Seguridad;Según la OACI (2009), ¿qué percepción errónea se creó al gestionar la seguridad solo desde una oficina central?;Que la seguridad era responsabilidad de todos.;Que los problemas de seguridad eran responsabilidad del gerente de línea.;Que los asuntos de seguridad no eran responsabilidad del gerente de línea.;Que el personal operativo no debía participar en la seguridad.;2;7. Consideraciones finales
Cultura de Seguridad;¿Qué elemento garantiza superar las resistencias al cambio según la Figura 12?;Vigilancia efectiva a través de indicadores de implantación y eficacia.;Reducción de los costes de formación.;Aumento de las sanciones disciplinarias.;Centralización total de las decisiones de seguridad.;0;7. Consideraciones finales
Cultura de Seguridad;¿A qué atributo de la ERA (Declaración de Dubrovnik) se vincula el principio P2?;AE1;AE3;AE8;AE5;2;4.1 Nuestros principios de Cultura de Seguridad
Cultura de Seguridad;El factor clave F3 (Cultura justa y notificación) incluye específicamente:;El castigo severo a todos los infractores.;La autodenuncia de comportamientos peligrosos.;La prohibición de informar sobre errores propios.;El pago de bonos por no tener accidentes.;1;4.2 Modelo de Cultura de Seguridad: factores clave
Cultura de Seguridad;¿Qué facilitador número 15 se encarga de la mejora de los sistemas de trabajo?;Política de comunicación.;Gestión de recursos.;Revisión de procesos, procedimientos y sistemas.;Capacitación de las personas.;2;4.3 Facilitadores para la implantación
Cultura de Seguridad;"En el Plan de Transformación, ¿qué debe tener ""periodicidad anual preferentemente""?";La revisión de los Principios de Seguridad.;El ciclo de mejora continua.;La contratación de empresas externas.;La actualización de la legislación europea.;1;6.1 Ciclo de mejora continua
Cultura de Seguridad;Según la Fase 2 (Diagnóstico), ¿qué debe permitir evidenciar el diagnóstico?;Solo los fallos mecánicos del material.;La percepción que tiene todo el personal sobre las cuestiones de seguridad.;El coste total de los accidentes del año.;La lista de trabajadores con sanciones pendientes.;1;6.1 Ciclo de mejora continua
Cultura de Seguridad;"¿Qué línea estratégica se centra en la ""Vigilancia y digitalización""?";LE.01;LE.03;LE.04;LE.05;3;5. Líneas estratégicas para el cambio
Cultura de Seguridad;¿Qué sucede si la organización tiene una Cultura de Seguridad negativa según el Libro Blanco?;Se ahorra en costes de gestión.;Puede conllevar al incumplimiento de requerimientos legislativos y errores latentes.;Los trenes circulan con mayor puntualidad técnica.;La empresa es eximida de responsabilidad por el Reglamento 2018/762.;1;7. Consideraciones finales
Cultura de Seguridad;El Principio P1 establece que la seguridad es un valor irrenunciable, prevalente y...;Secundario a la producción.;Consustancial a toda actividad.;Opcional para el personal administrativo.;Dependiente del tipo de tren.;1;4.1 Nuestros principios de Cultura de Seguridad
Cultura de Seguridad;¿Qué factor clave analiza si los recursos son suficientes, adecuados y se utilizan según prioridades reales?;F4;F5;F7: Personal y equipamiento.;F8;2;4.2 Modelo de Cultura de Seguridad: factores clave
Cultura de Seguridad;¿Cuál es el propósito de la línea estratégica LE.03?;Centralizar la gestión de riesgos en la Dirección de Seguridad.;Implicar a toda la organización en la gestión de los riesgos.;Eliminar los riesgos mediante tecnología IA.;Subcontratar la gestión de riesgos a empresas externas.;1;5. Líneas estratégicas para el cambio
Cultura de Seguridad;Según la Fase 3 del ciclo de mejora, ¿cómo deben agruparse las acciones de refuerzo?;Por orden alfabético.;Por sociedades del Grupo Renfe.;Por áreas asociadas a las líneas estratégicas.;Por coste de implantación.;2;6.1 Ciclo de mejora continua
Cultura de Seguridad;"¿Qué facilitador se encarga de la ""Medición y mejora continua del desempeño""?";Facilitador 3.;Facilitador 6.;Facilitador 10.;Facilitador 14.;2;4.3 Facilitadores para la implantación
Cultura de Seguridad;¿Qué exige el Reglamento Delegado (UE) 2018/762 sobre la Cultura de Seguridad?;Que sea una recomendación opcional.;Que sea un requisito y existan evidencias de su aplicación.;Que se elimine el SGS para simplificar procesos.;Que solo se aplique a empresas ferroviarias de nueva creación.;1;3. Marco regulador europeo
Cultura de Seguridad;¿Qué principio (P) se basa en la creencia de que la seguridad es un proceso de mejora constante?;P1;P3;P4;P6: Aprendizaje y mejora continua.;3;4.1 Nuestros principios de Cultura de Seguridad
Cultura de Seguridad;¿Qué factor clave (F) se vincula con la forma de participación de las personas en proyectos y encuestas?;F1;F2: Colaboración y participación.;F3;F6;1;4.2 Modelo de Cultura de Seguridad: factores clave
Cultura de Seguridad;¿Qué facilitador número 4 regula la relación con proveedores y contratistas?;Política de comunicación.;Requisitos de seguridad para los servicios y suministros externos.;Distribución de funciones.;Gestión de los recursos.;1;4.3 Facilitadores para la implantación
Cultura de Seguridad;"¿Qué se busca lograr con el ""Plan de Transformación de la Cultura de Seguridad""?";El alineamiento de las subculturas con la Cultura de Seguridad deseada.;El aumento del 25% en la venta de billetes AVLO.;La reducción del personal de talleres en un 10%.;La sustitución de los manuales en papel por tablets.;0;6. Plan de Transformación
Cultura de Seguridad;Según el atributo AE2, ¿qué deben promover las organizaciones además de la seguridad?;El aumento de la velocidad media.;El reporte de eventos y los principios de una cultura justa.;El silencio sobre los incidentes menores.;La competencia agresiva entre empleados.;1;Atributos de la ERA (AE2)
Cultura de Seguridad;¿A quiénes debe estar destinada la formación de la línea LE.02?;Solo al personal de conducción.;A estructura de dirección, cuadros técnicos, mandos intermedios y personal operativo.;Únicamente a los nuevos ingresos N2.;Solo a los mandos intermedios de estaciones.;1;5. Líneas estratégicas para el cambio
Cultura de Seguridad;"¿En qué fase del ciclo de mejora se realiza la ""ejecución de las medidas planificadas""?";Fase 1;Fase 2;Fase 3;Fase 4: Implantación de actividades.;3;6.1 Ciclo de mejora continua
Cultura de Seguridad;¿Qué facilitador número 9 es esencial para la operación diaria?;Gestión de los recursos.;Gestión de los riesgos de la operación ferroviaria.;Capacitación de las personas.;Sistema de participación.;1;4.3 Facilitadores para la implantación
Cultura de Seguridad;"Según el Libro Blanco, ¿qué es la ""Cultura Justa""?";Que todos los trabajadores tengan el mismo sueldo.;Clima donde se anima a aportar información sin miedo a represalias, pero con límites claros ante negligencias.;Un sistema de arbitraje sindical para sanciones de seguridad.;El derecho a no ser sancionado nunca si se comete un error.;1;4.2 Modelo de Cultura de Seguridad: factores clave
Cultura de Seguridad;¿Qué principio (P) establece que las personas son proactivas en la gestión de la seguridad?;P1;P2;P3: Responsabilidad personal.;P5;2;4.1 Nuestros principios de Cultura de Seguridad
Cultura de Seguridad;¿Qué factor clave analiza si los procedimientos son adecuados a la forma de actuar de los trabajadores?;F1;F4;F7;F8: Procedimiento y formación.;3;4.2 Modelo de Cultura de Seguridad: factores clave
Cultura de Seguridad;¿Qué facilitador número 2 define la estrategia de transmisión de información en seguridad?;Apoyo de los líderes.;Política de comunicación.;Política de notificación.;Fomento del aprendizaje.;1;4.3 Facilitadores para la implantación
Cultura de Seguridad;¿Qué línea estratégica (LE) propone el liderazgo en la difusión de los principios y el ejemplo de buenas prácticas?;LE.01;LE.02;LE.03;LE.04;0;5. Líneas estratégicas para el cambio
Cultura de Seguridad;¿Qué componente del Plan de Acción mide el grado de implantación y eficacia de las actuaciones?;Los Facilitadores.;Los Factores Clave.;Los Indicadores de implantación y eficacia.;Los Órganos de Gobierno.;2;6. Plan de Transformación (Figura 9)
Cultura de Seguridad;Según el Principio P4, ¿qué debe existir para que la comunicación sea efectiva?;Un sistema de vigilancia por cámaras.;Clima de libertad para notificar problemas sin miedo a represalias injustas.;Una oficina de seguridad cerrada al público.;Un reglamento de sanciones muy estricto.;1;4.1 Nuestros principios de Cultura de Seguridad
Cultura de Seguridad;¿Qué factor clave F1 vincula la actitud del gestor con la imagen de la dependencia?;Compromiso de los gestores y gestoras.;Gestión de riesgos.;Cultura justa.;Comunicación.;0;4.2 Modelo de Cultura de Seguridad: factores clave
Cultura de Seguridad;¿Qué facilitador número 6 se encarga de que cada uno sepa qué debe hacer en seguridad?;Distribución de funciones y responsabilidades.;Empoderamiento de las personas.;Gestión de recursos.;Medición del desempeño.;0;4.3 Facilitadores para la implantación
Cultura de Seguridad;"¿Cuál es la ""creencia"" que sustenta el principio P2 sobre Compromiso y liderazgo?";La seguridad depende de la tecnología LZB.;La forma de liderazgo influye en el comportamiento de los grupos.;El liderazgo solo es necesario en situaciones de emergencia.;Los líderes no necesitan formación en seguridad.;1;4.1 Nuestros principios de Cultura de Seguridad
Cultura de Seguridad;"Según las ""Consideraciones finales"", ¿qué colectivo es vital para la evaluación y mitigación de amenazas?";El personal administrativo de gestión.;Especialistas cualificados para la gestión de los riesgos.;Los clientes del programa Más Renfe.;Los auditores financieros externos.;1;7. Consideraciones finales
Cultura de Seguridad;¿Qué define esencialmente a la Cultura de Seguridad según el manual de la OACI?;El número de reglamentos escritos.;Cómo se comportan las personas cuando nadie las mira.;La velocidad máxima de los trenes.;El presupuesto anual de mantenimiento.;1;4. Cultura de Seguridad del Grupo Renfe
Cultura de Seguridad;¿Cuál es el principal objetivo de la Cultura de Seguridad en Renfe?;Vender más billetes AVLO.;Garantizar que la seguridad sea un valor esencial y prioritario.;Reducir el número de paradas.;Cambiar el logo de la empresa.;1;4.1 Nuestros principios
Cultura de Seguridad;¿Cuál es el primer principio (P1) de la Cultura de Seguridad de Renfe?;El liderazgo de los jefes.;La seguridad como valor esencial.;El uso de tecnología 5G.;La limpieza de las estaciones.;1;4.1 Nuestros principios
Cultura de Seguridad;¿Qué reglamento europeo introdujo el requisito de la Cultura de Seguridad?;Reglamento 1217/2010.;Reglamento Delegado (UE) 2018/762.;Reglamento 2021/782.;Ley 38/2015.;1;3. Marco regulador europeo
Cultura de Seguridad;¿Cómo se denomina el clima de confianza donde se anima a informar de errores?;Cultura del castigo.;Cultura Justa.;Cultura de la duda.;Cultura del silencio.;1;4.2 Factores clave (F3)
Cultura de Seguridad;"¿Qué significa el principio P3: ""Responsabilidad personal""?";Que el jefe es el único responsable.;Que cada persona es proactiva en la gestión de la seguridad.;Que la seguridad es solo para el maquinista.;Que los fallos son culpa del clima.;1;4.1 Nuestros principios
Cultura de Seguridad;¿Cuál de estos es un componente de la cultura según la Figura 3?;Lo que decimos sobre la seguridad.;El color del tren.;El precio de la luz.;La marca de los uniformes.;0;4. Cultura de Seguridad del Grupo Renfe
Cultura de Seguridad;"¿Qué busca el factor F1: ""Compromiso de gestores y gestoras""?";Que los jefes no trabajen.;Una imagen clara de compromiso de la dirección con la seguridad.;Que se compren más ordenadores.;Reducir el sueldo.;1;4.2 Modelo de Cultura de Seguridad
Cultura de Seguridad;¿Qué factor analiza la relación y actitudes entre compañeros?;F1;F3;F6: Compromiso entre compañeros y compañeras.;F8;2;4.2 Modelo de Cultura de Seguridad
Cultura de Seguridad;"¿Cuál es la ""creencia"" del principio P2: ""Compromiso y liderazgo""?";El liderazgo no importa.;La forma de liderazgo influye en el comportamiento del grupo.;Solo importa el liderazgo militar.;Los líderes solo mandan.;1;4.1 Nuestros principios
Cultura de Seguridad;"¿Qué mide el factor F5: ""Gestión de riesgos""?";El éxito de las ventas.;Cómo se gestionan los riesgos en la operación diaria.;El número de viajeros por año.;El gasto en publicidad.;1;4.2 Modelo de Cultura de Seguridad
Cultura de Seguridad;¿Cuántos principios (P) tiene el modelo de Renfe?;3;5;6 principios.;10;2;4.1 Nuestros principios
Cultura de Seguridad;¿Cuál es el principio P4?;Vigilancia de seguridad.;Apertura y confianza.;Mejora de beneficios.;Compra de material.;1;4.1 Nuestros principios
Cultura de Seguridad;"¿A qué se refiere la ""Cultura Justa"" respecto a la autodenuncia?";Que está prohibida.;Que se debe fomentar la autodenuncia de comportamientos peligrosos.;Que conlleva despido inmediato.;Que solo es para directivos.;1;4.2 Modelo de Cultura de Seguridad (F3)
Cultura de Seguridad;¿Qué exige el Reglamento 2018/762 a las empresas ferroviarias?;Tener trenes rojos.;Evidencias de la Cultura de Seguridad y su aplicación.;Vender billetes solo por internet.;Eliminar los talleres.;1;3. Marco regulador europeo
Cultura de Seguridad;¿Qué factor clave analiza si los recursos son suficientes?;F2;F4;F7: Personal y equipamiento.;F8;2;4.2 Modelo de Cultura de Seguridad
Cultura de Seguridad;¿Cuál es el principio P6?;Cierre de estaciones.;Aprendizaje y mejora continua.;Venta de material viejo.;Aumento de velocidad.;1;4.1 Nuestros principios
Cultura de Seguridad;"¿Qué es un ""Facilitador"" en el modelo de Renfe?";Una herramienta para la implantación de la cultura.;Un tipo de tren rápido.;Un revisor de billetes.;Una señal de parada.;0;4.3 Facilitadores
Cultura de Seguridad;¿Cuántos facilitadores se han definido en total?;5;10;15 facilitadores.;20;2;4.3 Facilitadores
Cultura de Seguridad;¿Qué facilitador número 1 trata sobre el apoyo a los líderes?;Política de ventas.;Apoyo de los líderes y las líderes.;Gestión de almacenes.;Pago de nóminas.;1;4.3 Facilitadores
Cultura de Seguridad;¿Qué busca el Plan de Transformación de la Cultura?;Reducir el personal de oficinas.;Lograr el alineamiento cultural con la seguridad deseada.;Cambiar el sistema de frenado.;Privatizar Renfe.;1;6. Plan de Transformación
Cultura de Seguridad;¿Cuál es la primera fase del ciclo de mejora continua?;Diagnóstico.;Análisis de la cultura.;Planificación.;Implantación.;1;6.1 Ciclo de mejora continua
Cultura de Seguridad;¿Qué periodicidad se recomienda para el ciclo de mejora continua?;Mensual.;Trimestral.;Anual preferentemente.;Cada diez años.;2;6.1 Ciclo de mejora continua
Cultura de Seguridad;¿Qué fase del ciclo se dedica a ejecutar las medidas?;Fase 1;Fase 2;Fase 3;Fase 4: Implantación de actividades.;3;6.1 Ciclo de mejora continua
Cultura de Seguridad;¿Cuántas Líneas Estratégicas (LE) se han definido para el cambio?;2;4;5 líneas estratégicas.;8;2;5. Líneas estratégicas para el cambio
Cultura de Seguridad;¿Qué busca la línea LE.01?;Refuerzo del compromiso y responsabilidad.;Vigilancia digital.;Gestión de residuos.;Venta internacional.;0;5. Líneas estratégicas para el cambio
Cultura de Seguridad;¿Qué propone la línea LE.05?;Menos trenes.;Vigilancia y digitalización.;Solo formación en idiomas.;Eliminar el SGS.;1;5. Líneas estratégicas para el cambio
Cultura de Seguridad;¿Qué atributo de la ERA (AE1) dice que la seguridad es un vector esencial?;Que se puede ignorar si hay prisa.;Que no debe verse comprometida por otros objetivos (como producción).;Que solo importa si hay dinero.;Que es responsabilidad de la policía.;1;3. Marco regulador europeo
Cultura de Seguridad;¿Cómo influyen las creencias en la cultura según la Figura 3?;Son la base de lo que pensamos.;No influyen nada.;Solo importan si están escritas.;Son solo para los clientes.;0;4. Cultura de Seguridad del Grupo Renfe
Cultura de Seguridad;¿Qué factor analiza la participación en proyectos de seguridad?;F1;F2: Colaboración y participación.;F5;F8;1;4.2 Modelo de Cultura de Seguridad
Cultura de Seguridad;¿Qué creencia sustenta el principio P1?;La seguridad es un gasto.;La seguridad es un valor irrenunciable y prevalente.;La seguridad es secundaria.;La seguridad es aburrida.;1;4.1 Nuestros principios
Cultura de Seguridad;¿Qué principio (P) se enfoca en la vigilancia y evaluación constante?;P2;P4;P5: Vigilancia de la seguridad.;P6;2;4.1 Nuestros principios
Cultura de Seguridad;¿Qué factor (F) trata sobre la calidad de la información facilitada?;F3;F4: Comunicación y aprendizaje.;F6;F7;1;4.2 Modelo de Cultura de Seguridad
Cultura de Seguridad;¿Qué facilitador número 13 se encarga de incentivar el buen comportamiento?;Política de comunicación.;Política de premios, sanciones y reconocimientos.;Gestión de riesgos.;Sistema de frenado.;1;4.3 Facilitadores
Cultura de Seguridad;¿Qué busca la línea estratégica LE.02?;El liderazgo de los mandos únicamente.;La capacitación de las personas para sus responsabilidades.;Reducir el sueldo base.;Comprar repuestos más baratos.;1;5. Líneas estratégicas para el cambio
Cultura de Seguridad;¿Qué sucede en la Fase 2 del ciclo de mejora?;Se piensa qué hacer.;Se realiza el diagnóstico de la cultura.;Se despiden trabajadores.;Se cierran líneas de tren.;1;6.1 Ciclo de mejora continua
Cultura de Seguridad;"¿Qué es la ""Declaración de Dubrovnik""?";Un tratado de paz antiguo.;Una declaración de la ERA a favor de la Cultura de Seguridad.;Una norma sobre el IVA de los billetes.;Un sistema de señales luminoso.;1;3. Marco regulador europeo
Cultura de Seguridad;¿Qué factor analiza si los procedimientos son adecuados al trabajo real?;F2;F4;F5;F8: Procedimiento y formación.;3;4.2 Modelo de Cultura de Seguridad
Cultura de Seguridad;¿Qué principio se relaciona con la confianza mutua entre niveles jerárquicos?;P1;P3;P4: Apertura y confianza.;P5;2;4.1 Nuestros principios
Cultura de Seguridad;¿A quiénes compete la gestión de riesgos según la línea LE.03?;Solo al Director de Seguridad.;Al personal de talleres únicamente.;A todos y todas.;Solo a los clientes.;2;5. Líneas estratégicas para el cambio
Cultura de Seguridad;¿Qué facilitador número 2 trata sobre la transmisión de información?;Política de comunicación.;Gestión de recursos.;Mantenimiento de vías.;Limpieza de cristales.;0;4.3 Facilitadores
Cultura de Seguridad;Según las consideraciones finales, ¿qué es un síntoma de un proceso débil?;El exceso de liderazgo.;La carencia de un ejercicio efectivo del liderazgo.;El uso de indicadores.;La formación constante.;1;7. Consideraciones finales
Cultura de Seguridad;¿Qué relación tiene el SGS con la Cultura de Seguridad (Figura 1)?;Son enemigos.;El SGS dice qué hacer y la Cultura determina cómo se hace.;La Cultura sustituye al SGS.;No tienen ninguna relación.;1;2.3 Relación Cultura con SGS
Cultura de Seguridad;"¿Qué es un ""comportamiento"" en cultura de seguridad?";Lo que realmente hacemos.;Lo que deseamos hacer.;Un castigo disciplinario.;Un tipo de motor.;0;4. Cultura de Seguridad del Grupo Renfe
Cultura de Seguridad;¿Qué factor trata sobre el clima de libertad para notificar sucesos?;F1;F3: Cultura justa y notificación.;F6;F8;1;4.2 Modelo de Cultura de Seguridad
Cultura de Seguridad;¿Qué facilitador número 6 distribuye lo que cada uno debe hacer?;Gestión de almacenes.;Distribución de funciones y responsabilidades.;Venta de billetes.;Diseño de estaciones.;1;4.3 Facilitadores
Cultura de Seguridad;¿Qué busca la línea LE.04?;Mejorar la coordinación interna y con terceros.;Reducir el número de maquinistas.;Eliminar los sensores de vía.;Cobrar suplementos por maletas.;0;5. Líneas estratégicas para el cambio
Cultura de Seguridad;"¿Qué fase del ciclo de mejora genera el ""Plan de Acción""?";Fase 1;Fase 2;Fase 3: Planificación de mejoras.;Fase 4;2;6.1 Ciclo de mejora continua
Cultura de Seguridad;"¿Qué significa que una cultura sea ""madura""?";Que es muy vieja.;Que la seguridad está integrada en el comportamiento natural de todos.;Que ya no necesita mantenimiento.;Que solo tiene directivos.;1;2.3 Relación Cultura con SGS
Cultura de Seguridad;"¿Cuál es la ""creencia"" del principio P6: ""Aprendizaje y mejora continua""?";Que ya no hay nada que aprender.;Que la seguridad es un proceso de mejora constante.;Que los errores son para ocultarlos.;Que aprender es perder el tiempo.;1;4.1 Nuestros principios
Cultura de Seguridad;¿Qué facilitador número 10 mide el desempeño?;Selección de personal.;Medición y mejora continua del desempeño.;Compra de trenes.;Publicidad en redes.;1;4.3 Facilitadores
Cultura de Seguridad;"¿Qué componente de la Figura 3 se refiere a ""Valores compartidos""?";Lo que decimos.;Lo que hacemos.;Lo que creemos (Pensamiento).;Lo que vendemos.;2;4. Cultura de Seguridad del Grupo Renfe
Cultura de Seguridad;¿Qué factor clave analiza si la formación es útil para el puesto?;F1;F4;F5;F8: Procedimiento y formación.;3;4.2 Modelo de Cultura de Seguridad
Cultura de Seguridad;¿Qué exige el atributo AE4 sobre las limitaciones humanas?;Que el humano nunca falla.;Reconocer que las personas tienen limitaciones que pueden causar errores.;Castigar cualquier error humano.;Sustituir a todos los humanos por robots.;1;3. Marco regulador europeo
Cultura de Seguridad;¿Qué facilitador número 15 revisa cómo se trabaja?;Pago de horas extras.;Revisión de procesos, procedimientos y sistemas.;Contratación de seguros.;Limpieza de oficinas.;1;4.3 Facilitadores
Cultura de Seguridad;¿Qué línea estratégica LE.01 usa el ejemplo de las buenas prácticas?;LE.01;LE.03;LE.05;No existe esa línea.;0;5. Líneas estratégicas para el cambio
Cultura de Seguridad;¿Qué busca el factor F2?;Que nadie participe.;Colaboración y participación de las personas.;Que solo mande el jefe.;Reducir el tiempo de descanso.;1;4.2 Modelo de Cultura de Seguridad
Cultura de Seguridad;¿Qué principio P1 dice que la seguridad es consustancial a toda actividad?;La seguridad como valor esencial.;Compromiso.;Vigilancia.;Mejora continua.;0;4.1 Nuestros principios
Cultura de Seguridad;¿Qué facilitador número 4 exige seguridad a proveedores externos?;Política de uniformes.;Requisitos de seguridad para servicios y suministros externos.;Gestión de la cafetería.;Venta de prensa.;1;4.3 Facilitadores
Cultura de Seguridad;¿Qué se hace en la Fase 3 del ciclo de mejora?;Analizar datos.;Planificar las acciones de refuerzo.;Despedir al personal.;Comprar locomotoras.;1;6.1 Ciclo de mejora continua
Cultura de Seguridad;"¿Qué es la ""Cultura del Grupo Renfe"" respecto al mensaje?";Que el mensaje sea confuso.;Coherencia entre el mensaje de seguridad y la práctica real.;Que el mensaje sea solo en inglés.;Que no haya mensaje.;1;4. Cultura de Seguridad del Grupo Renfe
Cultura de Seguridad;¿Qué factor analiza si las actitudes de los compañeros afectan a uno mismo?;F1;F4;F6: Compromiso entre compañeros.;F8;2;4.2 Modelo de Cultura de Seguridad
Cultura de Seguridad;¿Qué exige el Reglamento 2018/762 sobre el sistema de gestión?;Que sea secreto.;Que incluya el requisito de la Cultura de Seguridad.;Que sea solo para trenes de carga.;Que lo gestione una empresa externa.;1;3. Marco regulador europeo
Cultura de Seguridad;¿Cuál es la base de los cimientos en el modelo de la Figura 4?;Los clientes.;Los seis principios de cultura de seguridad.;Las máquinas autoventa.;Los talleres de vía métrica.;1;4.1 Nuestros principios
Cultura de Seguridad;¿Qué facilitador número 7 empodera a las personas?;Sanciones disciplinarias.;Empoderamiento de las personas (autoridad y recursos).;Uniformidad.;Horarios de oficina.;1;4.3 Facilitadores
Cultura de Seguridad;¿Qué línea LE.02 se enfoca en la formación para gestionar seguridad?;LE.01;LE.02;LE.04;LE.05;1;5. Líneas estratégicas para el cambio
Cultura de Seguridad;¿Qué fase del ciclo analiza el nivel de partida de la cultura?;Fase 1: Análisis de la cultura.;Fase 3;Fase 4;No existe esa fase.;0;6.1 Ciclo de mejora continua
Cultura de Seguridad;¿Qué dice el atributo AE2 sobre el reporte de eventos?;Que se deben ocultar.;Que las organizaciones deben promover el reporte de eventos.;Que reportar es de malos compañeros.;Que reportar cuesta dinero.;1;3. Marco regulador europeo
Cultura de Seguridad;¿Qué factor F4 vincula la comunicación con el aprendizaje?;Comunicación y aprendizaje.;Gestión de turnos.;Limpieza y orden.;Venta y marketing.;0;4.2 Modelo de Cultura de Seguridad
Cultura de Seguridad;¿Qué facilitador número 12 garantiza que haya recursos para seguridad?;Gestión de los recursos.;Política de vacaciones.;Venta de abonos.;Alquiler de trenes.;0;4.3 Facilitadores
Cultura de Seguridad;¿Qué principio P5 exige monitorear y evaluar constantemente?;Seguridad valor esencial.;Vigilancia de la seguridad.;Compromiso.;Mejora continua.;1;4.1 Nuestros principios
Cultura de Seguridad;¿Qué busca el Libro Blanco respecto a las resistencias al cambio?;Ignorarlas.;Superarlas mediante liderazgo y vigilancia efectiva.;Sancionar a los que se resisten.;No cambiar nada.;1;7. Consideraciones finales
Cultura de Seguridad;¿Qué factor clave F7 evalúa si el equipamiento es adecuado?;Personal y equipamiento.;Número de sillas.;Color de las paredes.;Marca del motor.;0;4.2 Modelo de Cultura de Seguridad
Cultura de Seguridad;¿Qué facilitador número 14 fomenta el aprendizaje?;Gestión de cobros.;Fomento y mejora del aprendizaje.;Política de aparcamiento.;Venta de cafetería.;1;4.3 Facilitadores
Cultura de Seguridad;¿Qué fase del ciclo de mejora evidencia la percepción del personal?;Fase 1;Fase 2: Diagnóstico de la cultura.;Fase 4;Ninguna.;1;6.1 Ciclo de mejora continua
Cultura de Seguridad;"¿Qué es la ""Cultura Ferroviaria"" según el Libro Blanco?";Saber arreglar una locomotora solo.;La forma en que la organización gestiona la seguridad en su día a día.;Viajar mucho en tren.;Conocer todas las estaciones de España.;1;2.1 Cultura empresarial
Cultura de Seguridad;¿Qué factor clave analiza el clima de libertad para autodenunciarse?;F3: Cultura justa y notificación.;F5;F7;F8;0;4.2 Modelo de Cultura de Seguridad
Cultura de Seguridad;¿Qué facilitador número 9 trata sobre los riesgos de la operación?;Gestión de recursos.;Gestión de los riesgos de la operación ferroviaria.;Gestión de abonos.;Gestión de maletas.;1;4.3 Facilitadores
Cultura de Seguridad;¿Qué línea LE.03 implica a todos en la gestión de riesgos?;LE.01;LE.02;LE.03;LE.05;2;5. Líneas estratégicas para el cambio
Cultura de Seguridad;¿Qué periodicidad debe tener el diagnóstico según la Fase 2?;Semanal.;Cada seis meses.;Anual preferentemente.;Cada veinte años.;2;6.1 Ciclo de mejora continua
Cultura de Seguridad;¿Qué dice la Figura 12 sobre superar resistencias?;Se necesita más dinero.;Se necesita liderazgo, especialistas en riesgos y vigilancia.;Se necesita cerrar la empresa.;No se pueden superar.;1;7. Consideraciones finales
Cultura de Seguridad;¿Qué factor analiza la actitud del gestor con la imagen de la dependencia?;F1: Compromiso de los gestores.;F2;F4;F6;0;4.2 Modelo de Cultura de Seguridad
Cultura de Seguridad;¿Qué facilitador número 3 apoya a los mandos intermedios?;Política de precios.;Apoyo de los líderes y las líderes.;Gestión de seguros.;Venta en ruta.;1;4.3 Facilitadores
Cultura de Seguridad;¿Qué fase del ciclo realiza el seguimiento de las medidas?;Fase 1;Fase 2;Fase 3;Fase 4: Implantación y seguimiento.;3;6.1 Ciclo de mejora continua
Cultura de Seguridad;"¿Qué es una ""Cultura de Seguridad Negativa""?";La que no tiene accidentes.;La que puede llevar al incumplimiento legal y errores latentes.;La que tiene trenes viejos.;La que vende pocos billetes.;1;7. Consideraciones finales
Cultura de Seguridad;¿Qué factor trata sobre el uso de la información para aprender?;F3;F4: Comunicación y aprendizaje.;F7;F8;1;4.2 Modelo de Cultura de Seguridad
Cultura de Seguridad;¿Qué facilitador número 5 capacita a las personas?;Capacitación de las personas.;Gestión de nóminas.;Política de publicidad.;Venta de abonos.;0;4.3 Facilitadores
Cultura de Seguridad;¿Qué busca la línea estratégica LE.05 con la digitalización?;Que no haya trabajadores.;Mejorar la vigilancia de la seguridad.;Vender billetes por TikTok.;Eliminar las señales de vía.;1;5. Líneas estratégicas para el cambio
Cultura de Seguridad;¿Qué principio P2 dice que la forma de liderar afecta al grupo?;Seguridad esencial.;Compromiso y liderazgo.;Vigilancia.;Mejora continua.;1;4.1 Nuestros principios
Cultura de Seguridad;¿Qué facilitador número 11 se encarga de la participación?;Gestión de recursos.;Sistema de participación.;Política de uniformes.;Horarios de trenes.;1;4.3 Facilitadores
Cultura de Seguridad;¿Qué fase del ciclo agrupa acciones por Líneas Estratégicas?;Fase 1;Fase 2;Fase 3: Planificación de mejoras.;Fase 4;2;6.1 Ciclo de mejora continua
Cultura de Seguridad;¿Qué atributo AE8 pide que la seguridad sea parte del liderazgo?;Que el líder solo piense en dinero.;Que el liderazgo sea un motor de la cultura de seguridad.;Que el líder no sepa nada de seguridad.;Que no haya líderes.;1;3. Marco regulador europeo
Cultura de Seguridad;¿Qué factor analiza la proactividad en aportar información?;F2;F3: Cultura justa y notificación.;F5;F8;1;4.2 Modelo de Cultura de Seguridad
Cultura de Seguridad;¿Qué facilitador número 8 regula las funciones?;Selección de personal.;Distribución de funciones y responsabilidades.;Venta telefónica.;Alquiler de oficinas.;1;4.3 Facilitadores
Cultura de Seguridad;"¿Qué busca el Plan de Transformación con las ""subculturas""?";Eliminarlas todas.;Alinearlas con la Cultura de Seguridad deseada.;Que cada una haga lo que quiera.;No existen subculturas.;1;6. Plan de Transformación
Cultura de Seguridad;¿Qué componente del Plan de Acción mide el éxito de las medidas?;Los factores clave.;Los indicadores de implantación y eficacia.;Los principios.;El color del papel.;1;6. Plan de Transformación (Fig. 9)
Cultura de Seguridad;¿Qué factor analiza si los recursos se usan con prioridades reales?;F1;F4;F7: Personal y equipamiento.;F8;2;4.2 Modelo de Cultura de Seguridad
Cultura de Seguridad;¿Qué facilita la política de comunicación número 2?;La transmisión de información relevante sobre seguridad.;La venta de billetes de lujo.;El envío de spam.;El uso de redes sociales personales.;0;4.3 Facilitadores
Cultura de Seguridad;¿Qué fase del ciclo define quién es el responsable de cada acción?;Fase 1;Fase 2;Fase 3: Planificación de mejoras.;Fase 4;2;6.1 Ciclo de mejora continua
Cultura de Seguridad;"¿Cuál es la ""creencia"" del principio P4 sobre apertura?";Que ocultar fallos es bueno.;Que la confianza mutua es necesaria para el reporte de sucesos.;Que el jefe no debe saber nada.;Que reportar errores es para débiles.;1;4.1 Nuestros principios
Experiencia de Cliente;¿En qué tres pilares se basa el Plan Estratégico del Grupo Renfe?;Eficiencia, Puntualidad y Sostenibilidad.;Foco en el cliente, Internacionalización y Eficiencia y Seguridad.;Digitalización, Alianzas y Calidad.;Seguridad, Rentabilidad e Innovación.;1;Nuestro PLAN ESTRATÉGICO
Experiencia de Cliente;¿Cuáles son las tres palancas que apoyan los pilares del Plan Estratégico?;Calidad, Seguridad y Compromiso.;Transformación digital, Transformación cultural y Alianzas estratégicas.;Formación, Innovación y Mercado.;Internacionalización, Clientes y Eficiencia.;1;Nuestro PLAN ESTRATÉGICO
Experiencia de Cliente;¿Cuántas personas trabajan aproximadamente cada día en el Grupo Renfe según el documento?;10.000 personas.;12.500 personas.;16.000 personas.;20.000 personas.;2;Nociones básicas de Experiencia de Cliente
Experiencia de Cliente;¿Cuál es la antigüedad aproximada de la historia del Grupo Renfe mencionada en el texto?;Más de 50 años.;Más de 60 años.;Más de 80 años.;Más de 100 años.;2;Nociones básicas de Experiencia de Cliente
Experiencia de Cliente;Según las directrices de la RAE seguidas en el documento, ¿cómo se utiliza el término masculino?;Como género exclusivo para hombres.;Como género gramatical no marcado e inclusivo.;Solo cuando no hay mujeres en el grupo.;Se evita su uso en favor del femenino genérico.;1;Nociones básicas de Experiencia de Cliente
Experiencia de Cliente;¿Cuál es la fecha de edición del documento de Nociones básicas de Experiencia de Cliente?;Enero de 2024.;Abril de 2024.;Diciembre de 2023.;Mayo de 2024.;1;Nociones básicas de Experiencia de Cliente
Experiencia de Cliente;¿Qué reto tiene el Grupo Renfe respecto a la organización interna?;Reducir el número de empleados operativos.;Generar una cultura centrada en el cliente en toda la organización.;Eliminar la venta presencial en taquillas.;Centrarse exclusivamente en el transporte de mercancías.;1;Nociones básicas de Experiencia de Cliente
Experiencia de Cliente;¿En qué itinerario formativo se ha incorporado obligatoriamente la disciplina de Experiencia de Cliente?;Solo en el de personal directivo.;En el itinerario formativo de las nuevas incorporaciones a la compañía.;Únicamente para el personal de conducción.;Solo para el personal de Renfe Mercancías.;1;Nociones básicas de Experiencia de Cliente
Experiencia de Cliente;¿Qué se busca lograr al situar al cliente en el centro de la actividad?;Reducir los tiempos de viaje.;Influir en la toma de decisiones estratégicas.;Aumentar el precio de los billetes.;Sustituir la atención al cliente por IA.;1;Nociones básicas de Experiencia de Cliente
Experiencia de Cliente;Según la cita de Valeria Maltoni, ¿qué representa cada interacción con un cliente insatisfecho?;Una pérdida de tiempo y recursos.;Una oportunidad para demostrar el compromiso y convertir una experiencia negativa en positiva.;Un motivo de sanción para el empleado.;Una incidencia que debe ignorarse si no hay reclamación escrita.;1;Nociones básicas de Experiencia de Cliente
Experiencia de Cliente;¿Qué mide el indicador NPS (Net Promoter Score)?;El esfuerzo que hace el cliente para comprar.;La probabilidad de recomendación de los clientes sobre la marca o servicio.;El tiempo de respuesta en redes sociales.;El número total de billetes anulados.;1;Introducción a la Experiencia de Cliente
Experiencia de Cliente;"En el NPS, ¿qué puntuación otorgan los clientes considerados ""Promotores""?";7 u 8.;8, 9 o 10.;9 o 10.;Únicamente 10.;2;Introducción a la Experiencia de Cliente
Experiencia de Cliente;¿Cómo se clasifica en el NPS a los clientes que puntúan entre 0 y 6?;Neutrales.;Pasivos.;Detractores.;Indiferentes.;2;Introducción a la Experiencia de Cliente
Experiencia de Cliente;¿Qué nombre reciben los clientes que puntúan con 7 u 8 en la escala NPS?;Promotores.;Pasivos o Neutrales.;Detractores activos.;Clientes premium.;1;Introducción a la Experiencia de Cliente
Experiencia de Cliente;¿Cómo se calcula el resultado final del NPS?;Media aritmética de todas las notas.;Porcentaje de Promotores menos porcentaje de Detractores.;Suma de Promotores y Pasivos.;Porcentaje de Detractores dividido entre Pasivos.;1;Introducción a la Experiencia de Cliente
Experiencia de Cliente;¿Qué mide el indicador CES (Customer Effort Score)?;La satisfacción tras el viaje.;El esfuerzo del cliente para resolver una gestión o interacción.;El gasto medio por cliente.;La velocidad de carga de la web.;1;Introducción a la Experiencia de Cliente
Experiencia de Cliente;¿Cuál es la diferencia fundamental entre Experiencia de Cliente (CX) y Atención al Cliente?;La CX es solo online y la atención es presencial.;La atención es una parte reactiva y puntual, mientras que la CX es la percepción total en todo el ciclo de relación.;Son términos idénticos según el manual.;La CX es obligatoria y la atención es opcional.;1;Introducción a la Experiencia de Cliente
Experiencia de Cliente;"¿Qué es el ""Customer Journey"" o Pasillo del Cliente?";El recorrido físico por la estación.;El mapa visual que describe las interacciones y puntos de contacto del cliente con la empresa.;El manual de funciones del interventor.;La lista de destinos del tren.;1;Fundamentos de la Experiencia de Cliente
Experiencia de Cliente;¿En qué fase comienza el ciclo de vida del cliente según los fundamentos de CX?;En el momento de subir al tren.;Antes de la adquisición (fase de consideración/búsqueda).;Al comprar el billete.;Solo tras finalizar el primer viaje.;1;Fundamentos de la Experiencia de Cliente
Experiencia de Cliente;¿Cuál es un factor clave que influye en la Experiencia de Cliente mencionado en el índice?;El color de la tapicería exclusivamente.;La empatía y la personalización.;La potencia del motor de la locomotora.;El número de vías de la estación.;1;Fundamentos de la Experiencia de Cliente
Experiencia de Cliente;"¿Qué es un ""Touchpoint"" o punto de contacto?";El botón de parada de emergencia.;Cualquier interacción entre el cliente y la marca (web, taquilla, personal, tren).;El lugar donde se validan los billetes.;La oficina de objetos perdidos únicamente.;1;Fundamentos de la Experiencia de Cliente
Experiencia de Cliente;"¿Qué es el ""Momento de la Verdad"" en la experiencia de cliente?";El momento de pagar el billete.;Puntos críticos donde la percepción del cliente puede cambiar drásticamente (positiva o negativamente).;La declaración ante el revisor.;El juicio por una reclamación.;1;Fundamentos de la Experiencia de Cliente
Experiencia de Cliente;"¿A qué se refiere la ""Omnicanalidad""?";A vender billetes solo en estaciones.;A la integración y coherencia de la experiencia en todos los canales de contacto.;A tener muchos tipos de trenes diferentes.;A viajar a todos los países de Europa.;1;Evolución histórica y tendencias
Experiencia de Cliente;¿Qué busca la personalización en la experiencia de cliente?;Tratar a todos los clientes exactamente igual.;Adaptar los servicios y la comunicación a las necesidades y preferencias individuales.;Reducir el personal de a bordo.;Aumentar el número de mensajes automáticos.;1;Fundamentos de la Experiencia de Cliente
Experiencia de Cliente;¿Qué valor aporta la Experiencia de Cliente a la marca Renfe?;Reduce la necesidad de publicidad.;Fidelización, diferenciación competitiva y mejora de la reputación.;Permite eliminar las indemnizaciones por retraso.;Garantiza que los trenes nunca se averíen.;1;Introducción a la Experiencia de Cliente
Experiencia de Cliente;Según el documento, ¿quién es el depositario de la cultura de cliente en Renfe?;Solo el personal de taquillas.;Toda la organización (las 16.000 personas).;El departamento de marketing exclusivamente.;Solo los mandos intermedios.;1;Nociones básicas de Experiencia de Cliente
Experiencia de Cliente;¿Cuál es el objetivo final de la gestión de la Experiencia de Cliente?;Lograr la plena satisfacción y fidelidad de los usuarios.;Vender el billete más caro posible.;Minimizar el contacto humano con el cliente.;Reducir el número de trenes en circulación.;0;Introducción a la Experiencia de Cliente
Experiencia de Cliente;¿Qué indicador se utiliza para medir la facilidad de uso de la web de Renfe?;NPS.;CES (Customer Effort Score).;CSAT.;EBITDA.;1;Introducción a la Experiencia de Cliente
Experiencia de Cliente;"En la experiencia de cliente, ¿qué significa ""proactividad""?";Esperar a que el cliente se queje para actuar.;Anticiparse a las necesidades o problemas del cliente antes de que surjan.;Atender solo las reclamaciones oficiales.;Seguir el reglamento de forma estricta sin desviarse.;1;Introducción a la Experiencia de Cliente
Experiencia de Cliente;¿Cómo influyen las emociones en la Experiencia de Cliente?;No influyen, el cliente solo valora el precio.;Son determinantes en el recuerdo y la percepción final que el cliente tiene de la marca.;Solo influyen en los clientes que viajan por ocio.;Se consideran un factor secundario frente a la velocidad.;1;Fundamentos de la Experiencia de Cliente
Experiencia de Cliente;¿Qué palanca del plan estratégico se relaciona directamente con el cambio de mentalidad hacia el cliente?;Transformación digital.;Transformación cultural.;Alianzas estratégicas.;Eficiencia y Seguridad.;1;Nuestro PLAN ESTRATÉGICO
Experiencia de Cliente;¿Qué pilar estratégico busca expandir los servicios de Renfe fuera de España?;Foco en el cliente.;Internacionalización.;Eficiencia y Seguridad.;Alianzas estratégicas.;1;Nuestro PLAN ESTRATÉGICO
Experiencia de Cliente;¿Cuál es la misión de Renfe Viajeros mencionada en el ADN de la empresa?;Ofrecer servicios solo en España.;Prestar servicios de transporte con calidad, seguridad y puntualidad.;Ser la empresa más barata de Europa.;Centrarse solo en trenes de alta velocidad.;1;Nociones básicas de Experiencia de Cliente
Experiencia de Cliente;"¿A qué colectivo se dirige la ""formación específica complementaria"" de CX?";A ninguno, la formación básica es suficiente.;A cada colectivo específico una vez se incorporen a la compañía.;Solo a los supervisores de servicios a bordo.;Únicamente a los empleados con más de 10 años de antigüedad.;1;Nociones básicas de Experiencia de Cliente
Experiencia de Cliente;¿Qué autor/a destaca la importancia de convertir experiencias negativas en positivas?;Steve Jobs.;Valeria Maltoni.;Jeff Bezos.;Simon Sinek.;1;Nociones básicas de Experiencia de Cliente
Experiencia de Cliente;"¿Qué se busca con la ""sensibilización y concienciación"" en CX?";Que los empleados trabajen más horas.;Generar una cultura compartida centrada en el cliente.;Aumentar el número de encuestas obligatorias.;Reducir el sueldo de quienes no son amables.;1;Nociones básicas de Experiencia de Cliente
Experiencia de Cliente;¿Qué tipo de decisiones se ven influenciadas por el foco en el cliente?;Decisiones operativas de baja escala solamente.;Decisiones estratégicas de la compañía.;Solo las decisiones de diseño de uniformes.;Ninguna, el cliente no influye en las decisiones.;1;Nociones básicas de Experiencia de Cliente
Experiencia de Cliente;¿En qué año se editó el manual según el copyright?;2022.;2024.;2021.;2026.;1;Nociones básicas de Experiencia de Cliente
Experiencia de Cliente;¿Cuál de los siguientes es un punto de contacto digital en el pasillo del cliente?;La sala club de la estación.;La App Renfe.;El servicio de cafetería del tren.;La taquilla presencial.;1;Introducción a la Experiencia de Cliente
Experiencia de Cliente;¿Qué aspecto de la comunicación de Renfe busca ser inclusivo según la RAE?;El uso de lenguaje de signos en todos los vídeos.;El uso del masculino genérico como inclusivo.;La traducción de la web a 15 idiomas.;El uso exclusivo del femenino en atención al cliente.;1;Nociones básicas de Experiencia de Cliente
Experiencia de Cliente;¿Qué significa fidelizar a un cliente en el ámbito de Renfe?;Obligarlo a viajar solo en tren.;Lograr que el cliente elija a Renfe de forma recurrente y prefiera su servicio.;Darle billetes gratis siempre.;Que el cliente use la tarjeta Dorada al cumplir 60 años.;1;Fundamentos de la Experiencia de Cliente
Experiencia de Cliente;¿Cuál es la palanca que permite a Renfe modernizar sus canales de venta?;Alianzas estratégicas.;Transformación digital.;Transformación cultural.;Internacionalización.;1;Nuestro PLAN ESTRATÉGICO
Experiencia de Cliente;¿Qué pilar estratégico garantiza la protección física de los viajeros?;Foco en el cliente.;Eficiencia y Seguridad.;Internacionalización.;Alianzas estratégicas.;1;Nuestro PLAN ESTRATÉGICO
Experiencia de Cliente;¿Cómo se define el éxito de una interacción en CX?;Si el cliente pagó y se fue.;Si se cubrieron las necesidades y se generó una percepción positiva.;Si el empleado no fue sancionado.;Si el tren llegó exactamente a su hora sin excepción.;1;Introducción a la Experiencia de Cliente
Experiencia de Cliente;"¿Qué es la ""Empatía"" aplicada a la Experiencia de Cliente?";Regalar puntos Renfe al cliente.;Capacidad de comprender y compartir los sentimientos y necesidades del cliente.;Hablar mucho con el cliente durante el viaje.;Cumplir estrictamente el reglamento.;1;Fundamentos de la Experiencia de Cliente
Experiencia de Cliente;¿Cuál es un factor de diferenciación competitiva para Renfe?;El color de los trenes solamente.;La excelencia en la Experiencia de Cliente.;Ser la única empresa de transporte en España.;No tener retrasos nunca.;1;Introducción a la Experiencia de Cliente
Experiencia de Cliente;¿A qué fase del pasillo del cliente pertenece la compra en taquilla?;Pre-viaje (Adquisición).;Durante el viaje.;Post-viaje.;Fase de fidelización tardía.;0;Fundamentos de la Experiencia de Cliente
Experiencia de Cliente;¿A qué fase del pasillo del cliente pertenece la atención en el centro de servicios tras un retraso?;Pre-viaje.;Durante el viaje / Post-viaje (Posventa).;Solo fase de búsqueda.;No pertenece al pasillo del cliente.;1;Fundamentos de la Experiencia de Cliente
Experiencia de Cliente;¿Qué busca Renfe al incorporar CX en la formación obligatoria inicial?;Cumplir con una ley europea de transporte.;Que el enfoque al cliente sea parte del ADN del nuevo empleado desde el primer día.;Que los nuevos empleados aprendan a manejar el sistema SIVER rápido.;Reducir el tiempo de acogida de los empleados.;1;Nociones básicas de Experiencia de Cliente
Experiencia de Cliente;¿Qué impacto tiene una mala Experiencia de Cliente en la marca?;Ninguno, si los trenes son modernos.;Daño reputacional, aumento de detractores y pérdida de clientes.;Ahorro en costes de limpieza.;Incremento automático del presupuesto de marketing.;1;Introducción a la Experiencia de Cliente
Experiencia de Cliente;"¿Qué es la ""Voz del Cliente""?";Un programa de radio de Renfe.;Recogida y análisis sistemático del feedback y opiniones de los clientes.;El grito de un cliente enfadado en la estación.;El altavoz de información de los andenes.;1;Introducción a la Experiencia de Cliente
Experiencia de Cliente;"¿En qué se enfoca la tendencia actual de ""hiper-personalización""?";En dar el mismo menú a todos en el tren.;En usar datos para ofrecer ofertas y experiencias únicas a cada usuario.;En quitar los nombres de los clientes de las bases de datos.;En contratar más personal para atender uno a uno.;1;Evolución histórica y tendencias
Experiencia de Cliente;"¿Qué pilar estratégico se apoya en la palanca de ""Alianzas estratégicas""?";Solo el foco en el cliente.;Todos los pilares (Foco, Internacionalización y Eficiencia).;Únicamente la Eficiencia.;Ninguno, las alianzas no son estratégicas.;1;Nuestro PLAN ESTRATÉGICO
Experiencia de Cliente;"¿Qué significa ""centrarse en el cliente"" en la toma de decisiones?";Hacer encuestas después de decidir.;Valorar el impacto que tendrá la decisión en la experiencia y satisfacción del cliente.;Dejar que el cliente decida los horarios de los trenes.;Priorizar siempre el beneficio económico sobre el cliente.;1;Nociones básicas de Experiencia de Cliente
Experiencia de Cliente;"¿Qué es la ""consistencia"" en la experiencia de cliente?";Ser muy duro con las normas.;Ofrecer el mismo nivel de calidad y mensaje en todos los canales y momentos.;No cambiar nunca los precios.;Tener trenes con la misma antigüedad.;1;Fundamentos de la Experiencia de Cliente
Experiencia de Cliente;"¿A qué se refiere el ""valor añadido"" en un servicio de transporte?";Al precio base del billete.;Prestaciones adicionales que superan las expectativas básicas del cliente.;Al IVA incluido en el precio.;Al seguro obligatorio de viajeros.;1;Introducción a la Experiencia de Cliente
Experiencia de Cliente;"¿Por qué es importante la ""seguridad"" para la experiencia de cliente en Renfe?";Porque es obligatoria por ley.;Porque es la base de la confianza y tranquilidad necesaria para disfrutar del viaje.;Porque permite que los trenes vayan más rápido.;Porque reduce el número de interventores necesarios.;1;Nuestro PLAN ESTRATÉGICO / ADN
Experiencia de Cliente;"¿Qué busca la palanca de ""Transformación cultural""?";Cambiar el idioma oficial de la empresa.;Evolucionar los valores y comportamientos de la plantilla hacia el nuevo plan estratégico.;Eliminar la jerarquía militar antigua.;Que todos los empleados vistan de civil.;1;Nuestro PLAN ESTRATÉGICO
Experiencia de Cliente;¿Qué tipo de indicador es el NPS?;Indicador financiero.;Indicador de fidelidad y percepción de marca.;Indicador de puntualidad técnica.;Indicador de consumo energético.;1;Introducción a la Experiencia de Cliente
Experiencia de Cliente;¿Cuál es la principal ventaja de reducir el esfuerzo del cliente (CES)?;Aumenta el tiempo que el cliente pasa en la web.;Mejora la satisfacción y reduce la fricción en la relación con la marca.;Permite cobrar suplementos por gestión.;Reduce el número de billetes vendidos.;1;Introducción a la Experiencia de Cliente
Experiencia de Cliente;"¿Qué es un ""detractor"" en el modelo NPS?";Un cliente que viaja sin billete.;Un cliente insatisfecho que puede dañar la reputación de la marca hablando mal de ella.;Un competidor de otra empresa ferroviaria.;Un empleado descontento.;1;Introducción a la Experiencia de Cliente
Experiencia de Cliente;"¿Cuál es la ""tendencia actual"" mencionada sobre la gestión de CX?";Volver a la atención puramente presencial.;Uso intensivo de datos e inteligencia emocional para mejorar el servicio.;Reducir el foco en el cliente para ahorrar costes.;Eliminar los programas de fidelización.;1;Evolución histórica y tendencias
Experiencia de Cliente;¿Qué papel juega el personal operativo en la Experiencia de Cliente?;Ninguno, su labor es técnica.;Son los principales embajadores de la marca y puntos clave de contacto humano.;Solo deben intervenir en caso de accidente.;Su única labor de CX es validar billetes.;1;Nociones básicas de Experiencia de Cliente
Experiencia de Cliente;"¿Qué es la ""fricción"" en el viaje del cliente?";El roce de las ruedas con la vía.;Cualquier obstáculo o dificultad que genera una experiencia negativa o pesada para el cliente.;El contacto físico entre pasajeros en el andén.;El proceso de frenado del tren.;1;Fundamentos de la Experiencia de Cliente
Experiencia de Cliente;¿A qué fase del pasillo pertenece el check-in o control de acceso?;Consideración.;Durante el viaje (Inicio de la prestación).;Posventa.;Fidelización.;1;Fundamentos de la Experiencia de Cliente
Experiencia de Cliente;"¿Qué pilar estratégico se vincula con la ""Excelencia operativa""?";Foco en el cliente.;Eficiencia y Seguridad.;Internacionalización.;Alianzas estratégicas.;1;Nuestro PLAN ESTRATÉGICO
Experiencia de Cliente;¿Qué autoría tiene el documento de Nociones básicas de CX?;Ministerio de Transportes.;Renfe Operadora.;Adif.;Agencia Estatal de Seguridad Ferroviaria.;1;Nociones básicas de Experiencia de Cliente
Experiencia de Cliente;"¿Qué es el ""Engagement"" del cliente?";El compromiso y vínculo emocional que el cliente desarrolla con la marca.;El momento de la compra del billete.;El contrato de transporte ferroviario.;La reclamación formal por retraso.;0;Fundamentos de la Experiencia de Cliente
Experiencia de Cliente;¿Cuál es el primer paso para mejorar la Experiencia de Cliente?;Subir los sueldos a la plantilla.;Conocer y escuchar profundamente las necesidades del cliente (Diagnóstico).;Cambiar el diseño de los trenes.;Hacer una campaña de publicidad masiva.;1;Introducción a la Experiencia de Cliente
Experiencia de Cliente;"¿Cómo se define a un cliente ""Pasivo"" en NPS?";El que nunca viaja.;El que está satisfecho pero es indiferente y podría irse con la competencia.;El que siempre se queja pero sigue viajando.;El que no sabe leer el billete.;1;Introducción a la Experiencia de Cliente
Experiencia de Cliente;"¿Qué importancia tiene el ""entorno físico"" en CX?";Ninguna, solo importa el personal.;Es un factor clave (limpieza, confort, diseño) que influye en la percepción.;Es el único factor que valora el cliente.;Se refiere solo a la temperatura exterior del tren.;1;Fundamentos de la Experiencia de Cliente
Experiencia de Cliente;"¿A qué pilar estratégico corresponde ""mejorar la rentabilidad""?";Foco en el cliente.;Eficiencia y Seguridad.;Internacionalización.;Alianzas estratégicas.;1;Nuestro PLAN ESTRATÉGICO / ADN
Experiencia de Cliente;"¿Qué es un ""dolor"" o Pain Point del cliente?";Una lesión física durante el trayecto.;Un momento del proceso que causa frustración o molestia al cliente.;El ruido del motor del tren.;El peso de la maleta.;1;Fundamentos de la Experiencia de Cliente
Experiencia de Cliente;"¿Qué busca la ""omnipresencia"" de la marca en CX?";Estar solo en las grandes ciudades.;Estar presente de forma coherente en todos los entornos donde el cliente interactúa.;Que el logo de Renfe sea lo más grande posible.;Que haya un empleado de Renfe en cada calle de España.;1;Introducción a la Experiencia de Cliente
Experiencia de Cliente;"¿Qué es el ""Efecto WoW"" en experiencia de cliente?";Un error en el sistema informático.;Superar las expectativas del cliente de forma sorprendente y memorable.;El sonido de la bocina del tren.;El nombre de un nuevo producto comercial.;1;Introducción a la Experiencia de Cliente
Experiencia de Cliente;"¿Cuál es la ""clave"" para recuperar a un cliente tras un fallo?";La rapidez, la sinceridad y la resolución efectiva del problema.;Ignorar al cliente hasta que se calme.;Darle una respuesta automática de plantilla tras 30 días.;Decirle que la culpa es de otra empresa.;0;Introducción a la Experiencia de Cliente
Experiencia de Cliente;¿Qué mide la métrica CSAT?;El esfuerzo del cliente.;La satisfacción puntual con una transacción o servicio específico.;La recomendación a largo plazo.;El número de kilómetros recorridos.;1;Introducción a la Experiencia de Cliente
Experiencia de Cliente;"¿Qué es la ""Escucha Activa""?";Oír al cliente mientras se hace otra cosa.;Prestar total atención al cliente para comprender realmente su mensaje y necesidades.;Poner música en las estaciones.;Grabar las conversaciones de los pasajeros.;1;Introducción a la Experiencia de Cliente
Experiencia de Cliente;"¿Qué pilar estratégico se vincula con la ""Digitalización""?";Foco en el cliente (como herramienta).;Eficiencia y Seguridad (como pilar de transformación).;Internacionalización.;No se vincula con ningún pilar.;1;Nuestro PLAN ESTRATÉGICO
Experiencia de Cliente;"¿Qué es el ""Mapa de Empatía""?";Un mapa de las líneas de cercanías.;Herramienta para entender qué ve, oye, piensa y siente el cliente.;El plano de los asientos del tren.;La lista de estaciones con atención a personas con discapacidad.;1;Fundamentos de la Experiencia de Cliente
Experiencia de Cliente;¿Qué papel juega la tecnología en la CX de Renfe?;Es un fin en sí mismo.;Es un facilitador para mejorar el servicio y la relación con el cliente.;Es una forma de eliminar puestos de trabajo.;No tiene relevancia en la experiencia del cliente.;1;Nuestro PLAN ESTRATÉGICO / Introducción
Experiencia de Cliente;"¿Qué significa ""orientación al cliente""?";Mirar al cliente cuando se le habla.;Poner las necesidades del cliente como prioridad en la ejecución de las tareas.;Indicar al cliente dónde está el andén.;Vender solo billetes nominativos.;1;Título Preliminar / CX
Experiencia de Cliente;"¿Cuál es la ""ventaja competitiva"" del ferrocarril mencionada en el ADN?";La velocidad punta siempre.;El compromiso con la sociedad y el desarrollo de sus empleados.;El precio del combustible.;No tener competencia en ningún trayecto.;1;Nociones básicas de Experiencia de Cliente
Experiencia de Cliente;¿A qué fase pertenece la consulta de horarios en la web?;Fase de viaje.;Fase de búsqueda y planificación (Pre-viaje).;Fase de post-venta.;Fase de quejas.;1;Fundamentos de la Experiencia de Cliente
Experiencia de Cliente;"¿Qué se entiende por ""Cultura de Servicio""?";Conjunto de valores y creencias que priorizan la ayuda y satisfacción del cliente.;Trabajar solo por las mañanas.;La historia de los camareros de Renfe.;Un curso de cocina para trenes turísticos.;0;Nociones básicas de Experiencia de Cliente
Experiencia de Cliente;"¿Qué busca la ""mejora continua"" en CX?";No cambiar nada si funciona.;Analizar errores y feedback para evolucionar constantemente el servicio.;Subir los precios cada trimestre.;Cambiar el logo de la empresa cada año.;1;Introducción a la Experiencia de Cliente
Experiencia de Cliente;¿Qué impacto tiene la puntualidad en la CX?;Es irrelevante si el tren es cómodo.;Es uno de los factores críticos de satisfacción y percepción de calidad.;Solo importa si el retraso supera las 2 horas.;Es un factor puramente técnico que no afecta al cliente.;1;Nociones básicas de Experiencia de Cliente
Experiencia de Cliente;¿Cuál es el lema implícito en la cita de Valeria Maltoni?;El cliente siempre tiene razón.;Los problemas son oportunidades de mejora y conexión emocional.;No dejes para mañana lo que puedas atender hoy.;El silencio es la mejor respuesta ante el enfado.;1;Nociones básicas de Experiencia de Cliente
Experiencia de Cliente;¿Qué fase del pasillo del cliente busca que este vuelva a viajar?;Fase de compra.;Fase de fidelización.;Fase de control de acceso.;Fase de seguridad en andenes.;1;Fundamentos de la Experiencia de Cliente
Experiencia de Cliente;"¿A qué se refiere el término ""Puntos de Dolor"" en el proceso de compra?";A la falta de asientos en la sala de espera.;A procesos complejos o lentos que frustran al usuario.;A la falta de billetes económicos.;A los fallos mecánicos del tren.;1;Fundamentos de la Experiencia de Cliente
Experiencia de Cliente;"¿Qué es la ""Experiencia de Empleado"" (EX) vinculada a la CX?";El viaje que hace el empleado a su casa.;Si el empleado está satisfecho y motivado, ofrecerá una mejor experiencia al cliente.;El sueldo del empleado.;El uniforme del empleado.;1;Nociones básicas de Experiencia de Cliente
Experiencia de Cliente;"¿Qué significa que una experiencia sea ""memorable""?";Que el cliente se olvida rápido del viaje.;Que genera un recuerdo positivo duradero que favorece la fidelidad.;Que el billete se guarda como recuerdo.;Que el tren tiene un nombre famoso.;1;Introducción a la Experiencia de Cliente
Experiencia de Cliente;"¿Cuál es un factor de la ""calidad percibida""?";El peso de la locomotora.;El trato amable del personal y la limpieza del coche.;El número de tornillos de la vía.;La cotización en bolsa de la empresa.;1;Fundamentos de la Experiencia de Cliente
Experiencia de Cliente;"¿A qué palanca estratégica pertenece el ""desarrollo de los empleados""?";Alianzas estratégicas.;Transformación cultural / ADN de la empresa.;Internacionalización.;Eficiencia operativa.;1;Nuestro PLAN ESTRATÉGICO / ADN
Experiencia de Cliente;"¿Qué busca la ""omnicanalidad"" en la venta de billetes?";Que solo se vendan en la web.;Que el cliente pueda comprar, cambiar o anular en cualquier canal con la misma facilidad.;Que cada canal tenga normas diferentes.;Que el cliente use siempre el mismo canal.;1;Introducción a la Experiencia de Cliente
Experiencia de Cliente;"¿Qué fase del ciclo de vida sigue a la ""Adquisición""?";Búsqueda.;Uso del servicio (Viaje).;Olvido.;No hay más fases.;1;Fundamentos de la Experiencia de Cliente
Experiencia de Cliente;"¿Qué es el ""feedback"" del cliente?";Un ruido en los altavoces.;La información y opiniones que el cliente devuelve tras su experiencia.;El pago del billete.;El billete físico.;1;Introducción a la Experiencia de Cliente
Experiencia de Cliente;"¿Qué pilar estratégico busca ""situar al cliente en el centro""?";Internacionalización.;Foco en el cliente.;Eficiencia y Seguridad.;Alianzas.;1;Nuestro PLAN ESTRATÉGICO
Experiencia de Cliente;¿Cuál es el núcleo del ADN del Grupo Renfe mencionado?;Solo la tecnología.;Calidad, seguridad, puntualidad y compromiso social.;El beneficio económico puro.;La exclusividad del mercado.;1;Nociones básicas de Experiencia de Cliente
Experiencia de Cliente;¿Qué representa el copyright ©2024 Renfe Operadora?;El precio del libro.;La propiedad intelectual y reserva de derechos del documento.;El año de fundación de Renfe.;La caducidad del manual.;1;Nociones básicas de Experiencia de Cliente
Experiencia de Cliente;Según William Thomson Kelvin, ¿cuál es la consecuencia inevitable de aquello que no se mejora?;Se estanca indefinidamente.;Se degrada siempre.;Pierde su valor comercial.;Deja de ser medible.;1;3.3. Indicadores clave (Cita)
Experiencia de Cliente;¿Cuál es el rango numérico exacto en el que se sitúa el resultado final del indicador NPS?;De 0% a 100%.;De -100% a 100%.;De 1 a 10.;De -10 a 10.;1;3.3. Indicadores clave (NPS)
Experiencia de Cliente;En la métrica NPS, ¿qué descripción textual corresponde a la puntuación 0?;Nada probable.;Muy improbable.;Nada recomendable.;No lo recomendaría.;1;3.3. Indicadores clave (NPS)
Experiencia de Cliente;Según el manual, ¿qué gran fortaleza se le atribuye al indicador NPS respecto a la recomendación?;Que predice el beneficio neto anual.;Que correlaciona tanto con la fidelidad como con la intención de compra.;Que elimina la necesidad de encuestas abiertas.;Que identifica el esfuerzo del empleado.;1;3.3. Indicadores clave (NPS)
Experiencia de Cliente;"¿Qué autor afirma que ""Tu cliente más insatisfecho es tu mejor fuente de aprendizaje""?";Mark Cuban.;William Thomson Kelvin.;Bill Gates.;Jay Baer.;2;3.3. Indicadores clave (Cita)
Experiencia de Cliente;¿Sobre qué base se calcula el porcentaje para obtener el número final del NPS?;Base 10.;Base 100.;Base 1.000.;No utiliza una base porcentual.;1;3.3. Indicadores clave (NPS)
Experiencia de Cliente;¿Cómo se define el indicador CES según la idea subyacente del manual?;Capacidad de aumentar las ventas cruzadas.;Capacidad de crear clientes fieles reduciendo el esfuerzo del cliente.;Rapidez en la resolución de quejas en primera instancia.;Nivel de digitalización de la experiencia de compra.;1;3.3. Indicadores clave (CES)
Experiencia de Cliente;¿Qué pregunta específica define el cálculo del CES en el documento?;¿Qué le ha parecido el servicio?;¿Cuánto esfuerzo personal le ha supuesto resolver su problema?;¿Recomendaría Renfe a un amigo?;¿Volvería a viajar con nosotros?;1;3.3. Indicadores clave (CES)
Experiencia de Cliente;Según Mark Cuban, ¿qué es mucho más fácil que intentar reparar una relación rota con los clientes?;Ofrecerles descuentos directos.;Ser amable, respetuoso y empático antes de que lo pidan.;Ignorar las quejas leves.;Automatizar la atención al cliente.;1;4. Fundamentos de CX (Cita)
Experiencia de Cliente;"¿Qué representa una ""ausencia de respuesta"" según la cita de Jay Baer?";Un fallo técnico en el sistema.;"Una respuesta que dice: ""No nos importas mucho"".";Una oportunidad de ahorro de costes.;Un momento de neutralidad en la experiencia.;1;6. Resolución de problemas (Cita)
Experiencia de Cliente;En la métrica NPS, ¿qué descripción textual corresponde a la puntuación 10?;Excelente servicio.;Definitivamente lo recomendaría.;Muy probable.;Recomendación total.;1;3.3. Indicadores clave (NPS)
Experiencia de Cliente;Para interpretar los resultados del NPS, ¿de qué debe ir acompañada siempre la pregunta principal?;De un código de descuento.;De un campo abierto para detallar la motivación.;Del nombre del empleado que atendió.;De la fecha y hora del viaje.;1;3.3. Indicadores clave (NPS)
Experiencia de Cliente;¿Cuál es la tercera palanca que apoya los pilares del Plan Estratégico?;Calidad total.;Alianzas estratégicas.;Formación continua.;Sostenibilidad.;1;Nuestro PLAN ESTRATÉGICO
Experiencia de Cliente;Según Valeria Maltoni, cada interacción con un cliente insatisfecho es una oportunidad para:;Aplicar el régimen sancionador.;Demostrar el compromiso con su satisfacción.;Realizar una venta adicional.;Reducir el NPS de la competencia.;1;Nociones básicas (Cita)
Experiencia de Cliente;"¿Qué pilar del Plan Estratégico se sitúa entre ""Foco en el cliente"" y ""Eficiencia y Seguridad""?";Sostenibilidad.;Internacionalización.;Digitalización.;Excelencia.;1;Nuestro PLAN ESTRATÉGICO
Experiencia de Cliente;En el ADN de Renfe, ¿qué valor se menciona junto a calidad, seguridad y compromiso social?;Rentabilidad.;Puntualidad.;Innovación.;Liderazgo.;1;Nociones básicas (ADN)
Experiencia de Cliente;"¿A qué área se vincula la ""Estructura de Dirección"" en los diagnósticos del Plan de Igualdad integrados en CX?";A la palanca de alianzas.;A los pilares estratégicos de la compañía.;A la transformación cultural.;No se vincula con la CX.;2;Nuestro PLAN ESTRATÉGICO
Experiencia de Cliente;¿Qué porcentaje de detraccion se resta en la fórmula del NPS?;El porcentaje de pasivos.;El porcentaje de detractores.;La media de neutrales.;No se resta ningún porcentaje.;1;3.3. Indicadores clave (NPS)
Experiencia de Cliente;¿Cuál es el objetivo principal de incorporar la CX en el itinerario de nuevas incorporaciones?;Cumplir la ley de transparencia.;Que la orientación al cliente sea parte de su ADN desde el inicio.;Reducir las reclamaciones en el primer año.;Justificar los gastos en formación.;1;Nociones básicas de CX
Experiencia de Cliente;Según el documento, ¿cuántos millones de viajeros transporta Renfe al año aproximadamente?;Más de 100 millones.;Más de 300 millones.;Más de 500 millones.;Más de 800 millones.;2;Nociones básicas de CX (Intro)
Experiencia de Cliente;"¿Qué pilar estratégico busca ""traspasar fronteras"" según la introducción?";Foco en el cliente.;Internacionalización.;Eficiencia y Seguridad.;Alianzas estratégicas.;1;Nuestro PLAN ESTRATÉGICO
Experiencia de Cliente;"En el cálculo del NPS, ¿qué puntuación se considera ""Pasiva o Neutral""?";5 o 6.;6 o 7.;7 u 8.;8 o 9.;2;3.3. Indicadores clave (NPS)
Experiencia de Cliente;"Según el manual, ¿qué elemento es ""la base de la confianza y tranquilidad"" del cliente?";La limpieza.;La seguridad.;La cafetería.;El precio.;1;Nuestro PLAN ESTRATÉGICO / ADN
Experiencia de Cliente;¿Qué palanca estratégica se asocia con la evolución de valores de la plantilla?;Transformación digital.;Transformación cultural.;Alianzas estratégicas.;Foco en el cliente.;1;Nuestro PLAN ESTRATÉGICO
Experiencia de Cliente;¿Cómo define William Thomson Kelvin lo que no se puede medir?;Como algo inexistente.;Como algo que no se puede mejorar.;Como una pérdida de tiempo.;Como un fallo estratégico.;1;3.3. Indicadores (Cita)
Experiencia de Cliente;"¿Qué término usa el manual para referirse a los ""obstáculos"" en el viaje del cliente?";Dolores.;Fricciones.;Barreras.;Interferencias.;1;4. Fundamentos de CX
Experiencia de Cliente;¿Cuál de estos NO es un pilar del Plan Estratégico según la Figura de la página 5?;Foco en el cliente.;Transformación digital.;Internacionalización.;Eficiencia y Seguridad.;1;Nuestro PLAN ESTRATÉGICO
Experiencia de Cliente;"¿Qué indicador se utiliza específicamente para medir la satisfacción con las ""interacciones del servicio""?";NPS.;CES.;CSAT.;ROI.;1;3.3. Indicadores clave (CES)
Experiencia de Cliente;Según el manual, ¿qué se busca generar en toda la organización respecto al cliente?;Un departamento de quejas.;Una cultura centrada en el cliente.;Un sistema de premios económicos.;Una base de datos de correos.;1;Nociones básicas de CX
Experiencia de Cliente;¿Qué autor se cita en relación con la importancia de ser amable y empático?;Mark Cuban.;Bill Gates.;Jay Baer.;William Kelvin.;0;4. Fundamentos de CX (Cita)
Experiencia de Cliente;¿Qué valor se obtiene si una empresa tiene un 50% de promotores y un 20% de detractores en NPS?;70%.;30%.;10%.;2,5.;1;3.3. Indicadores clave (NPS)
Experiencia de Cliente;"¿En qué fase del pasillo del cliente se sitúa el ""Centro de Servicios"" ante un retraso?";Pre-viaje.;Durante el viaje / Post-viaje.;Solo fase de búsqueda.;No es un punto de contacto.;1;4. Fundamentos de CX
Experiencia de Cliente;"¿Cómo se define ""Touchpoint"" de forma técnica en el texto?";Botón de emergencia.;Cualquier interacción entre el cliente y la marca.;Lugar físico de venta.;El billete de tren.;1;4. Fundamentos de CX
Experiencia de Cliente;"¿Qué pilar estratégico se apoya en la palanca de ""Transformación digital""?";Solo Internacionalización.;Solo Eficiencia.;Todos los pilares.;Ninguno, es independiente.;2;Nuestro PLAN ESTRATÉGICO
Experiencia de Cliente;"¿Qué busca la ""proactividad"" en la gestión de CX según la introducción?";Seguir el reglamento.;Anticiparse a las necesidades o problemas.;Cobrar suplementos rápido.;Responder reclamaciones en 30 días.;1;1. Introducción CX
Experiencia de Cliente;Según el ADN de Renfe, ¿con qué personas se tiene un compromiso de desarrollo?;Solo con los clientes.;Con sus empleados y empleadas.;Solo con los accionistas.;Con los proveedores externos.;1;Nociones básicas (ADN)
Experiencia de Cliente;"¿Qué indicador mide la ""facilidad"" de una gestión como realizar un cambio?";NPS.;CES.;CSAT.;EBITDA.;1;3.3. Indicadores (CES)
Experiencia de Cliente;¿En qué año se editó la versión actual del manual de Nociones Básicas de CX?;2022.;2024.;2023.;2025.;1;Copyright / Edición
Experiencia de Cliente;"¿A qué se refiere la ""Omnicanalidad"" en el contexto de CX Renfe?";A viajar en todos los trenes.;A la integración y coherencia en todos los canales de contacto.;A tener canales de televisión en el AVE.;A vender solo billetes digitales.;1;Evolución histórica y tendencias
Experiencia de Cliente;¿Cuál es el nombre del Director de Prestación de Servicios y Experiencia Cliente que firma el documento?;Francisco Javier Fernández.;Juan Manuel Hidalgo Guisado.;Sonia Araujo López.;Isaías Táboas.;1;Firma del documento / Plan
Experiencia de Cliente;"En el NPS, ¿qué puntuación define a un ""Detractor""?";0 a 5.;0 a 6.;1 a 6.;Solo el 0.;1;3.3. Indicadores (NPS)
Experiencia de Cliente;"¿Qué se busca lograr al situar al cliente en el ""centro de la actividad""?";Reducir el tiempo de viaje.;Influir en la toma de decisiones estratégicas.;Eliminar la atención humana.;Aumentar la publicidad exterior.;1;Nociones básicas de CX
Experiencia de Cliente;"Según el manual, ¿quiénes son los ""principales embajadores"" de la experiencia Renfe?";Los trenes nuevos.;Los empleados y empleadas.;Los directivos de la compañía.;Los clientes promotores.;1;4. Fundamentos de CX
Experiencia de Cliente;"¿Qué pilar garantiza que el tren sea el ""protagonista de la movilidad"" en España?";Foco en el cliente.;Eficiencia y Seguridad (con los otros dos pilares).;Solo Internacionalización.;Ninguno.;1;Nuestro PLAN ESTRATÉGICO / Intro
Experiencia de Cliente;¿Qué valor aporta la CX para diferenciarse de la competencia?;Precios bajos solamente.;La excelencia en la experiencia percibida.;El color de los trenes.;El número de estaciones.;1;1. Introducción CX
Experiencia de Cliente;"¿Qué significa ""fidelizar"" según el manual?";Dar un billete gratis.;Lograr que el cliente elija a Renfe de forma recurrente y preferente.;Obligar a usar el tren por contrato.;Que el cliente no se queje.;1;4. Fundamentos de CX
Experiencia de Cliente;"¿A qué palanca corresponde ""Alianzas estratégicas""?";Palanca 1.;Palanca 2.;Palanca 3.;Pilar 1.;2;Nuestro PLAN ESTRATÉGICO
Experiencia de Cliente;Según William Kelvin, ¿qué sucede con lo que no se define?;Se olvida.;No se puede medir.;No tiene coste.;Es perfecto.;1;3.3. Indicadores (Cita)
Experiencia de Cliente;¿Qué documento establece el marco para la CX en Renfe?;El Convenio Colectivo.;El Plan Estratégico.;El Reglamento de Circulación.;El Manual de Conducción.;1;Nuestro PLAN ESTRATÉGICO
Experiencia de Cliente;"Según el Plan Estratégico, ¿cuál de los siguientes es un ""Pilar"" y no una ""Palanca""?";Transformación cultural.;Alianzas estratégicas.;Eficiencia y Seguridad.;Transformación digital.;2;Nuestro PLAN ESTRATÉGICO
Experiencia de Cliente;"¿Qué indicador mide específicamente la ""satisfacción con las interacciones del servicio""?";NPS.;CSAT.;CES (Customer Effort Score).;ROI.;2;3.3. Indicadores clave (CES)
Experiencia de Cliente;En la cita de Kelvin, ¿cuál es el orden lógico correcto de la degradación?;"Lo que no se mide, no se mejora; lo que no se mejora, se define.";"Lo que no se define no se mide; lo que no se mide no se mejora.";"Lo que no se mejora no se define; lo que no se define se degrada.";"Lo que no se mide no se define; lo que no se define se pierde.";1;3.3. Indicadores (Cita Kelvin)
Experiencia de Cliente;Para el cálculo del NPS, un cliente que otorga una puntuación de 7 se considera:;Promotor.;Detractor activo.;Pasivo o Neutral.;Cliente insatisfecho.;2;3.3. Indicadores (NPS)
Experiencia de Cliente;"¿Cuál es la descripción literal que el manual asigna a la puntuación ""0"" en la escala NPS?";Nada probable.;Muy improbable.;No lo recomendaría.;Detractor absoluto.;1;3.3. Indicadores (NPS)
Experiencia de Cliente;"¿Qué técnica de investigación cualitativa se define como ""abordada en incógnito por la empresa""?";Focus Group.;Entrevistas en profundidad.;Mystery Shopping.;Encuestas abiertas.;2;3. Diseño y Gestión (Cualitativa)
Experiencia de Cliente;Según Valeria Maltoni, ¿qué debe buscarse en cada interacción con un cliente insatisfecho?;Aplicar la normativa comercial.;Una oportunidad de aprendizaje técnico.;Convertir una experiencia negativa en positiva.;Evitar que el cliente llegue a la reclamación.;2;Nociones básicas (Cita Maltoni)
Experiencia de Cliente;"¿Qué pilar estratégico tiene como objetivo ""traspasar fronteras""?";Foco en el cliente.;Eficiencia y Seguridad.;Internacionalización.;Alianzas estratégicas.;2;Nuestro PLAN ESTRATÉGICO
Experiencia de Cliente;¿Cuál es el resultado de una empresa con un 40% de promotores, un 40% de pasivos y un 20% de detractores?;40.;20.;0.;80.;1;3.3. Indicadores (NPS)
Experiencia de Cliente;"Según Jay Baer, una ""ausencia de respuesta"" es una respuesta que dice:";Estamos trabajando en ello.;No nos importas mucho.;El sistema ha fallado.;Vuelva a intentarlo más tarde.;1;6. Resolución (Cita Jay Baer)
Experiencia de Cliente;¿Qué herramienta sirve para representar gráficamente la relación del cliente a través de todos los canales?;Arquetipos.;Customer Journey (Pasillo del Cliente).;Mapa de procesos.;Blueprint.;1;3.1. Herramientas de diagnóstico
Experiencia de Cliente;"¿En qué fase del ciclo de vida del cliente se sitúa la ""consideración""?";Post-viaje.;Durante el viaje.;Antes de la adquisición.;En la fidelización.;2;4. Fundamentos de CX
Experiencia de Cliente;"¿Cuál es la palanca que busca ""evolucionar los valores y comportamientos de la plantilla""?";Transformación digital.;Alianzas estratégicas.;Transformación cultural.;Foco en el cliente.;2;Nuestro PLAN ESTRATÉGICO
Experiencia de Cliente;¿Qué autor afirma que los clientes más insatisfechos son la mayor fuente de aprendizaje?;Mark Cuban.;Jay Baer.;Bill Gates.;William Kelvin.;2;3.3. Indicadores (Cita Gates)
Experiencia de Cliente;Según el manual, la Atención al Cliente es una parte de la CX que se caracteriza por ser:;Proactiva y estratégica.;Reactiva y puntual.;Exclusivamente digital.;Únicamente presencial.;1;1. Introducción a la CX
Experiencia de Cliente;¿Cuál es el rango numérico posible del resultado final del NPS?;De 0 a 100.;De 0 a 10.;De -100 a 100.;De 1 a 10.;2;3.3. Indicadores (NPS)
Experiencia de Cliente;¿Qué concepto se refiere a la capacidad de las máquinas para comprender el lenguaje natural?;Omnicanalidad.;Inteligencia Artificial.;Big Data.;Experiencia de Usuario.;1;5.2. El papel de la tecnología
Experiencia de Cliente;¿Qué busca la investigación cualitativa según la tabla comparativa?;Analizar los procesos.;Limitarse a preguntar.;Pretender entender el porqué.;Buscar muestras representativas.;2;3. Diseño y Gestión (Tabla)
Experiencia de Cliente;"¿Qué representan los ""Dolores"" o Pain Points en un arquetipo?";Fallos mecánicos.;Puntos que causan frustración o molestia al cliente.;Gastos imprevistos.;Retrasos superiores a 15 minutos.;1;3.1.1. Arquetipos (Plantilla)
Experiencia de Cliente;Según Mark Cuban, es más fácil ser empático con el cliente que...;Intentar reparar una relación rota.;Ofrecerle una indemnización.;Perder una venta.;Automatizar el servicio.;0;4. Fundamentos (Cita Cuban)
Experiencia de Cliente;¿Cuál es el nombre técnico de la pantalla que usa el maquinista en ETCS, citada en CX?;Siver.;DMI (Driver Machine Interface).;GSM-R.;CTC.;1;8.5.3 ETCS
Experiencia de Cliente;¿Qué indicador se calcula restando el % de detractores al % de promotores?;CES.;ROI.;NPS.;CSAT.;2;3.3. Indicadores (NPS)
Experiencia de Cliente;¿Qué palanca del Plan Estratégico apoya a los tres pilares?;Internacionalización.;Foco en el cliente.;Transformación digital.;Eficiencia y Seguridad.;2;Nuestro PLAN ESTRATÉGICO
Experiencia de Cliente;"¿Cómo se define el ""Pasillo del Cliente""?";El corredor central del tren.;Mapa visual de las interacciones y puntos de contacto.;El tiempo que tarda el cliente en embarcar.;La distancia entre la taquilla y el andén.;1;3.1. Herramientas de diagnóstico
Experiencia de Cliente;"¿Qué elemento es el ""depositario de la cultura de cliente"" en Renfe?";Solo el Director General.;Los 16.000 trabajadores y trabajadoras.;El departamento de Marketing.;El manual de Experiencia de Cliente.;1;Nociones básicas de CX
Experiencia de Cliente;"¿Cuál es la ""pregunta tipo"" para medir el CES?";¿Nos recomendaría?;¿Cuánto esfuerzo le ha supuesto resolver su problema?;¿Qué le ha parecido el viaje?;¿Volvería a comprar con nosotros?;1;3.3. Indicadores (CES)
Experiencia de Cliente;¿Qué busca la personalización basada en datos?;Tratar a todos los clientes igual.;Ofrecer experiencias únicas adaptadas al comportamiento y preferencias.;Reducir el número de correos enviados.;Aumentar el precio del billete dinámicamente.;1;5.2. El papel de la tecnología
Experiencia de Cliente;En el NPS, una puntuación de 6 sitúa al cliente en el grupo de:;Pasivos.;Neutrales.;Detractores.;Indiferentes.;2;3.3. Indicadores (NPS)
Experiencia de Cliente;"¿Qué se busca con los ""Focus Groups""?";Evaluar la limpieza del tren.;Generar un espacio de diálogo para ideas de mejora.;Sancionar errores del personal.;Medir el tiempo de espera en colas.;1;3. Diseño y Gestión (Cualitativa)
Experiencia de Cliente;"¿A qué pilar se asocia la frase ""situar al cliente en el centro""?";Internacionalización.;Eficiencia.;Foco en el cliente.;Seguridad.;2;Nuestro PLAN ESTRATÉGICO
Experiencia de Cliente;"¿Qué es un ""Touchpoint""?";Un botón táctil en el tren.;Cualquier interacción entre el cliente y la marca.;El momento del pago únicamente.;La validación del billete en el torno.;1;4. Fundamentos de CX
Experiencia de Cliente;¿Qué autor habla sobre la degradación de lo que no se mejora?;Bill Gates.;Mark Cuban.;William Thomson Kelvin.;Jay Baer.;2;3.3. Indicadores (Cita Kelvin)
Experiencia de Cliente;¿En qué año se editó la versión del manual que sirve de base al examen?;2022.;2023.;2024.;2026.;2;Portada manual CX
Experiencia de Cliente;Según el manual, ¿cuál es el núcleo del ADN del Grupo Renfe?;El beneficio económico.;Calidad, seguridad, puntualidad y compromiso social.;La tecnología de última generación.;El monopolio del transporte.;1;Nociones básicas de CX
Experiencia de Cliente;¿Qué porcentaje de satisfacción garantiza el NPS por sí solo?;No garantiza satisfacción, mide propensión a la recomendación.;El 100%.;El promedio de las notas.;El porcentaje de promotores.;0;3.3. Indicadores (NPS)
Experiencia de Cliente;"¿Qué fase del pasillo del cliente incluye la ""búsqueda""?";Adquisición.;Uso del servicio.;Antes de la adquisición.;Fidelización.;2;4. Fundamentos de CX
Experiencia de Cliente;¿Qué pilar estratégico se sitúa entre Foco en el cliente y Eficiencia?;Sostenibilidad.;Internacionalización.;Rentabilidad.;Innovación.;1;Nuestro PLAN ESTRATÉGICO
Experiencia de Cliente;"¿Cuál es la ""trampa"" del NPS según el manual para su correcta interpretación?";Que no sirve para nada sin estadísticas.;Que debe ir siempre acompañado de un campo abierto de motivación.;Que solo lo pueden contestar clientes VIP.;Que solo se mide en trenes AVE.;1;3.3. Indicadores (NPS)
Experiencia de Cliente;Según Donald Porter, citado en el manual, ¿qué es el servicio al cliente?;Un departamento.;Una actitud.;Un coste necesario.;Un objetivo comercial.;1;Nociones básicas (Cita Porter)
Experiencia de Cliente;"¿Qué es la ""hiper-personalización""?";Darle un regalo al cliente.;Uso intensivo de datos para ofertas únicas a cada usuario.;Atender al cliente por su nombre de pila siempre.;Permitir que el cliente elija el color de su asiento.;1;Evolución histórica y tendencias
Experiencia de Cliente;¿Qué busca el indicador CES respecto al esfuerzo del cliente?;Aumentarlo para filtrar quejas.;Medirlo para tratar de reducirlo.;Ignorarlo si la venta se realiza.;Compararlo con el esfuerzo del empleado.;1;3.3. Indicadores (CES)
Experiencia de Cliente;¿Qué colectivo tiene incorporada la CX en su itinerario formativo obligatorio?;Solo directivos.;Solo interventores.;Nuevas incorporaciones a la compañía.;Solo personal de taquillas.;2;Nociones básicas de CX
Experiencia de Cliente;"Según Jay Baer, ¿qué comunica la ""ausencia de respuesta""?";Profesionalidad.;"""No nos importas mucho"".";Que estamos saturados.;Eficiencia operativa.;1;6. Resolución (Cita Jay Baer)
Experiencia de Cliente;¿Qué técnica cualitativa evalúa el grado de seguimiento de protocolos en incógnito?;Encuesta abierta.;Focus Group.;Mystery Shopping.;Mapa de procesos.;2;3. Diseño y Gestión (Cualitativa)
Experiencia de Cliente;¿Cuál es la tercera palanca estratégica junto a Transformación digital y cultural?;Sostenibilidad social.;Alianzas estratégicas.;Eficiencia técnica.;Foco en el pasajero.;1;Nuestro PLAN ESTRATÉGICO
Experiencia de Cliente;"¿Qué puntuación en NPS recibe el nombre de ""Definitivamente lo recomendaría""?";8.;9.;10.;Todas las de los promotores.;2;3.3. Indicadores (NPS)
Experiencia de Cliente;Según el manual, ¿qué son los empleados para la experiencia e imagen de marca?;Un coste operativo.;Los principales embajadores.;Personal técnico cualificado.;El recurso más numeroso.;1;4. Fundamentos de CX
Experiencia de Cliente;"¿Qué pilar estratégico garantiza la ""base de la confianza y tranquilidad""?";Foco en el cliente.;Internacionalización.;Seguridad (Eficiencia y Seguridad).;Alianzas.;2;Nuestro PLAN ESTRATÉGICO
Experiencia de Cliente;¿Qué busca el NPS respecto a la propensión de los clientes?;A la queja.;Al gasto.;A la recomendación.;A la anulación.;2;3.3. Indicadores (NPS)
Experiencia de Cliente;¿En qué tres pilares se basa el Plan Estratégico del Grupo Renfe?;Calidad, Seguridad y Precio.;Foco en el cliente, Internacionalización y Eficiencia y Seguridad.;Madrid, Barcelona y Valencia.;Digitalización, Cultura y Alianzas.;1;Nuestro PLAN ESTRATÉGICO
Conocimientos Ferroviarios;¿Cuál es la principal característica técnica que define al ferrocarril como sistema de transporte?;El uso de energía eléctrica.;El autoguiado (sigue el trazado de la vía sin actuación exterior).;La alta velocidad de circulación.;El transporte exclusivo de mercancías pesadas.;1;1 EL SISTEMA FERROVIARIO
Conocimientos Ferroviarios;¿En qué año se produjo la nacionalización de la industria ferroviaria que dio lugar a la creación de RENFE?;1920;1936;1941;1955;2;4.1 El concepto (Historia RFIG)
Conocimientos Ferroviarios;Tras la separación de infraestructura y operación en 2005, ¿qué entidad pasó a gestionar la infraestructura?;Renfe Operadora;ADIF;Ministerio de Fomento;AESF;1;4.1 El concepto (Historia RFIG)
Conocimientos Ferroviarios;¿Qué significan las siglas RFIG en el contexto ferroviario español?;Red Ferroviaria de Interés General.;Red Ferroviaria de Infraestructura Global.;Registro Ferroviario de Interés de Grupos.;Red de Ferrocarriles de Iberia y Galicia.;0;4.1 El concepto (Historia RFIG)
Conocimientos Ferroviarios;¿Quién ejerce las competencias plenas sobre la Red Ferroviaria de Interés General (RFIG)?;Las Comunidades Autónomas.;La Unión Europea.;El Estado.;Las empresas ferroviarias privadas.;2;4.1 El concepto (Historia RFIG)
Conocimientos Ferroviarios;El Cuarto Paquete Ferroviario de 2016 se divide en dos pilares principales, ¿cuáles son?;Pilar de seguridad y pilar de calidad.;Pilar técnico y pilar de mercado.;Pilar de pasajeros y pilar de mercancías.;Pilar nacional y pilar europeo.;1;3.1.2 Evolución de los Paquetes Ferroviarios
Conocimientos Ferroviarios;¿Qué directiva europea del pilar técnico del Cuarto Paquete Ferroviario trata sobre la seguridad?;Directiva (UE) 2016/796.;Directiva (UE) 2016/797.;Directiva (UE) 2016/798.;Reglamento (UE) 2018/762.;2;3.1.2 Evolución de los Paquetes Ferroviarios
Conocimientos Ferroviarios;"¿Qué busca el ""pilar de mercado"" del Cuarto Paquete Ferroviario?";Reducir el coste de los billetes AVE.;La apertura a la competencia de los servicios nacionales de viajeros.;La privatización total de Adif.;La eliminación de los servicios de Cercanías.;1;3.1.2 Evolución de los Paquetes Ferroviarios
Conocimientos Ferroviarios;"¿Qué organismo europeo actúa como ""ventallina única"" para emitir el certificado de seguridad único?";La Comisión Europea.;La Agencia Ferroviaria de la Unión Europea (EUAR).;El Parlamento Europeo.;El Banco Central Europeo.;1;3.1.5 La Agencia Ferroviaria de la Unión Europea
Conocimientos Ferroviarios;¿Cuál es la ley española que regula la Comisión Nacional de los Mercados y la Competencia (CNMC)?;Ley 38/2015 del Sector Ferroviario.;Ley 3/2013.;Ley Orgánica 3/2007.;Real Decreto 623/2014.;1;3.2.6 Comisión Nacional de los Mercados y la Competencia
Conocimientos Ferroviarios;¿Qué función técnica tiene asignada la CNMC en el sector ferroviario?;Investigar accidentes graves.;Supervisar que el acceso a la RFIG se realice en condiciones objetivas y transparentes.;Conducir trenes de prueba.;Diseñar el trazado de las vías.;1;3.2.6 Comisión Nacional de los Mercados y la Competencia
Conocimientos Ferroviarios;¿Qué significan las siglas CIAF en la normativa ferroviaria?;Centro de Instrucción y Adiestramiento Ferroviario.;Comisión de Investigación de Accidentes Ferroviarios.;Comité Internacional de Ayuda al Ferrocarril.;Central de Indicadores y Análisis Ferroviario.;1;3.2.7 Comisión de Investigación de Accidentes Ferroviarios
Conocimientos Ferroviarios;¿Cuál es el objetivo principal de la investigación de accidentes que realiza la CIAF?;Atribuir responsabilidades penales.;Imponer sanciones económicas.;Prevenir futuros accidentes y mejorar la seguridad.;Despedir al personal negligente.;2;3.2.7 Comisión de Investigación de Accidentes Ferroviarios
Conocimientos Ferroviarios;Según la normativa, ¿qué está prohibido en las nuevas líneas ferroviarias o modificaciones de las existentes?;El uso de catenaria.;El ancho de vía ibérico.;La construcción de pasos a nivel.;La circulación de trenes nocturnos.;2;4.5 Administración de líneas de la RFIG
Conocimientos Ferroviarios;¿Qué autoridad debe emitir una autorización para la entrada en servicio de una nueva línea de la RFIG?;Adif;Renfe;Agencia Estatal de Seguridad Ferroviaria (AESF).;El Ministerio de Hacienda.;2;4.5 Administración de líneas de la RFIG
Conocimientos Ferroviarios;¿Cómo se denomina la unidad de capacidad que define horario, puntos de origen, paso y destino de un tren?;Malla;Surco;Cantón;Bloqueo;1;4.5 Administración de líneas de la RFIG
Conocimientos Ferroviarios;¿Cuál es el documento que publica el Administrador de Infraestructura para exponer las características de la red?;Libro de Itinerarios.;Documento de Tren.;Declaración sobre la red.;Reglamento de Circulación.;2;4.5 Administración de líneas de la RFIG
Conocimientos Ferroviarios;¿Qué documento de Renfe recoge los datos de composición, frenado y personal de servicio específicos para cada día?;Libro de Itinerarios.;Cuadro de Velocidades Máximas.;Documento de tren.;Manual de Conducción.;2;9.2.4 Documentación durante el servicio
Conocimientos Ferroviarios;¿A quién va dirigido el Libro de Itinerarios publicado por Renfe?;A los clientes VIP.;A los Maquinistas.;Solo al personal de estaciones.;A los auditores externos.;1;9.2.4 Documentación durante el servicio
Conocimientos Ferroviarios;¿Qué información horaria incluye el Libro de Itinerarios del Maquinista?;Solo la hora de salida.;Horario de llegada, salida o paso por cada punto característico.;El precio de los billetes por tramo.;La biografía del interventor.;1;9.2.4 Documentación durante el servicio
Conocimientos Ferroviarios;¿Qué porcentaje de las líneas convencionales de la RFIG se encuentra aproximadamente bajo control de un CTC?;50%;65%;85%;100%;1;9.2.2 Líneas y paridad (Figura 70)
Conocimientos Ferroviarios;¿Qué porcentaje de las líneas de alta velocidad en España cuentan con CTC?;65%;75%;90%;100%;3;9.2.2 Líneas y paridad (Figura 70)
Conocimientos Ferroviarios;¿Quién es el máximo responsable de la seguridad y gestión del tren durante la marcha en el Grupo Renfe?;El Interventor.;El Maquinista.;El Operador de Centro de Gestión.;El Responsable de Circulación de la estación.;1;9.4.2 Personal en servicio en los trenes
Conocimientos Ferroviarios;¿Qué aplicación utiliza el personal ferroviario para el registro de incidencias y el Documento de Tren?;Visir;Siver;Copérnico;Renfe Contigo;2;9.4.3 Centros de Gestión
Conocimientos Ferroviarios;"¿A quién se le debe solicitar un ""surco"" una vez definida la circulación concreta de un tren?";Al Ministerio de Transportes.;Al Administrador de Infraestructura.;A la AESF.;A la CNMC.;1;9.5.1 Planificación de mallas
Conocimientos Ferroviarios;"Según el glosario, ¿cómo se define al ""Apeadero""?";Estación con más de 10 vías.;Infraestructura ferroviaria para la subida y bajada de viajeros.;Taller de alta tecnología.;Oficina de venta de billetes.;1;10 GLOSARIO
Conocimientos Ferroviarios;"¿Qué es un ""Automotor"" o tren autopropulsado?";Un tren que necesita siempre una locomotora externa.;Tren indeformable que dispone de tracción propia térmica y/o eléctrica.;Un vehículo de mantenimiento de vía únicamente.;Un autobús adaptado a las vías.;1;10 GLOSARIO
Conocimientos Ferroviarios;"¿Cómo se define el ""Canon"" ferroviario?";Una multa por retraso.;"""Peaje"" o tasa que las empresas pagan al AI por usar las vías y servicios.";El sueldo base del maquinista.;El impuesto sobre el valor añadido del billete.;1;10 GLOSARIO
Conocimientos Ferroviarios;"¿De qué factores depende la ""Capacidad"" máxima de una línea ferroviaria?";Solo del color de los trenes.;De la señalización, la velocidad y las paradas.;Exclusivamente del número de viajeros.;Del precio de la energía eléctrica ese día.;1;10 GLOSARIO
Conocimientos Ferroviarios;"¿Cuál es el objeto del documento ""Conocimientos básicos ferroviarios"" (Sección 5)?";Vender billetes AVLO.;Proporcionar una base sólida de cultura general ferroviaria.;Enseñar a programar software de trenes.;Regular las multas de tráfico.;1;0 OBJETO DEL DOCUMENTO
Conocimientos Ferroviarios;"¿Qué significa que un tren es ""indeformable"" en explotación?";Que no puede chocar.;Que su composición de vehículos es fija y no se altera en el servicio normal (Automotor).;Que está fabricado de un metal irrompible.;Que no tiene curvas en su trazado.;1;10 GLOSARIO (Automotor)
Conocimientos Ferroviarios;¿Qué significan las siglas ETI en el marco regulador europeo?;Estándares Técnicos de Ingeniería.;Especificaciones Técnicas de Interoperabilidad.;Equipos de Transporte Internacional.;Enlaces Telemáticos Inteligentes.;1;3.1.4 Especificaciones Técnicas de Interoperabilidad
Conocimientos Ferroviarios;El sistema de gestión del tráfico que permite regular la circulación a distancia se denomina:;Siver;CTC (Control de Tráfico Centralizado).;Copérnico;ASFA;1;9.2.2 Líneas y paridad (Pág. 76)
Conocimientos Ferroviarios;¿Qué significan las siglas AESF?;Asociación de Empresas de Seguridad Ferroviaria.;Agencia Estatal de Seguridad Ferroviaria.;Autoridad Europea de Sistemas Ferroviarios.;Alianza Española para el Sector Ferroviario.;1;10 GLOSARIO
Conocimientos Ferroviarios;¿Qué autoridad nacional supervisa la formación del personal ferroviario?;Renfe;Adif;Agencia Estatal de Seguridad Ferroviaria (AESF).;CNMC;2;10 GLOSARIO (AESF)
Conocimientos Ferroviarios;¿Cuál de los siguientes es un sistema de protección de trenes mencionado en el índice?;GPS;ASFA;WIFI;SIVER;1;8.5 Sistemas de protección de trenes
Conocimientos Ferroviarios;Según la historia, ¿qué supuso la Ley General de Ferrocarriles de 1855?;La quiebra de RENFE.;Un gran impulso al desarrollo de la red y las principales empresas.;El cierre de todas las líneas de vía métrica.;La invención del motor diésel.;1;2.5.3 La Ley General de Ferrocarriles de 1855
Conocimientos Ferroviarios;¿En qué pilar del Cuarto Paquete se incluyen las reglas de transparencia entre AI y empresas?;Pilar técnico.;Pilar de mercado.;Pilar de seguridad.;Pilar de formación.;1;3.1.2 Evolución de los Paquetes Ferroviarios
Conocimientos Ferroviarios;"¿Qué documento es específico para ""cada día"" debido a posibles cambios de material o personal?";Libro de Itinerarios.;Documento de Tren.;Reglamento del Sector Ferroviario.;Declaración sobre la Red.;1;9.2.4 Documentación durante el servicio
Conocimientos Ferroviarios;¿Qué sistema de Adif integra funciones como el telemando de energía y la petición de surcos especiales?;SIVER;CRC (Centro de Regulación y Control) de última generación.;Copérnico;Google Maps;1;9.2.2 Líneas y paridad (Pág. 76)
Conocimientos Ferroviarios;"¿Cómo se define el ""surco"" en el proceso de adjudicación de capacidad?";El espacio físico entre los dos raíles.;La asignación temporal para que un tren circule entre dos puntos en un tiempo determinado.;Una avería en la infraestructura.;La marca que deja la rueda en el carril.;1;4.5 Administración de líneas de la RFIG
Conocimientos Ferroviarios;¿Qué organismo emite los informes y recomendaciones de seguridad tras investigar un accidente?;El Ministerio de Interior.;La CIAF.;La policía nacional.;El Tribunal Supremo.;1;3.2.7 Comisión de Investigación de Accidentes Ferroviarios
Conocimientos Ferroviarios;¿Qué indica el número de tren en la organización de la circulación?;El precio del billete.;La identificación inequívoca de una circulación en la red.;El número de pasajeros a bordo.;La antigüedad de la locomotora.;1;9.2.3 Número de tren
Conocimientos Ferroviarios;¿Cómo se denominan las líneas que representan las marchas de los trenes en un gráfico?;Mallas;Surcos;Colchones;Vectores;0;9.5 Gráficos de marchas de trenes
Conocimientos Ferroviarios;"¿Qué son los ""colchones"" temporales en la planificación de mallas?";Camas para el personal.;Reservas de tiempo para evitar que retrasos leves afecten a otros trenes.;Zonas de frenado de emergencia.;Descuentos en billetes nocturnos.;1;9.5.1 Planificación de mallas
Conocimientos Ferroviarios;¿Quién elabora técnicamente las ETI (Especificaciones Técnicas de Interoperabilidad)?;Las empresas constructoras de trenes.;La Agencia Ferroviaria de la Unión Europea (EUAR).;Cada país por separado.;Los sindicatos ferroviarios.;1;3.1.5 La Agencia Ferroviaria de la Unión Europea
Conocimientos Ferroviarios;¿Qué ley española regula el sector ferroviario desde 2015?;Ley 16/1987 (LOTT).;Ley 38/2015.;Ley 3/2013.;Ley de Ferrocarriles de 1855.;1;3.2.7 CIAF / Glosario
Conocimientos Ferroviarios;¿Cuál es el peaje que pagan las operadoras por el uso de estaciones y vías?;El billete integrado.;El Canon.;La subvención del Estado.;La tasa de seguridad.;1;10 GLOSARIO
Conocimientos Ferroviarios;¿Qué autoridad emite las autorizaciones de vehículos ferroviarios para operar en varios estados miembros?;Renfe;Adif;EUAR (Agencia Ferroviaria de la UE).;Ministerio de Transportes.;2;3.1.5 La Agencia Ferroviaria de la Unión Europea
Conocimientos Ferroviarios;En la RFIG, ¿quién es responsable del mantenimiento y la explotación de las infraestructuras integradas?;El Maquinista.;El Administrador de Infraestructuras (AI).;La CIAF.;La CNMC.;1;4.5 Administración de líneas de la RFIG
Conocimientos Ferroviarios;¿Qué ventaja energética tiene el ferrocarril sobre otros transportes terrestres?;El bajo roce metal sobre metal (rueda-carril).;Que siempre va en línea recta.;Que no pesa nada.;Que solo transporta personas.;0;1 EL SISTEMA FERROVIARIO
Conocimientos Ferroviarios;"¿Qué significa que una línea es de ""Vía Métrica""?";Que tiene 1.668 mm de ancho.;Que tiene 1.435 mm de ancho.;Que tiene 1.000 mm de ancho entre caras internas de carriles.;Que mide exactamente un kilómetro.;2;9.3 Estaciones / General Red
Conocimientos Ferroviarios;¿Cómo se denomina el tramo de vía donde solo puede haber un tren simultáneamente?;Estación;Cantón;Surco;Malla;1;10 GLOSARIO
Conocimientos Ferroviarios;¿Qué sistema garantiza que no se produzcan colisiones en una estación al establecer itinerarios?;El bloqueo;El enclavamiento;El tren-tierra;El pantógrafo;1;8.3 Enclavamiento y bloqueo
Conocimientos Ferroviarios;El sistema de protección puntual ASFA basa su funcionamiento en:;Balizas en la vía y captadores en el tren.;Satélites GPS.;Cámaras de video en los túneles.;El ojo humano exclusivamente.;0;8.5.1 ASFA
Conocimientos Ferroviarios;¿Qué indican los trenes con numeración PAR en la red española?;Sentido de kilometraje descendente.;Sentido de kilometraje ascendente.;Trenes de mercancías.;Trenes de fin de semana.;1;9.2.2 Líneas y paridad
Conocimientos Ferroviarios;¿Y los trenes con numeración IMPAR?;Sentido ascendente.;Sentido de kilometraje descendente.;Trenes de larga distancia únicamente.;Trenes que van a Madrid siempre.;1;9.2.2 Líneas y paridad
Conocimientos Ferroviarios;¿Qué elemento del tren recoge la corriente eléctrica de la catenaria?;El eje;El pantógrafo;El bogie;El surco;1;General Material Motor
Conocimientos Ferroviarios;¿Cómo se llama el cable tendido sobre la vía para alimentar eléctricamente a los trenes?;Catenaria;Raíl;Balasto;Traviesa;0;General Infraestructura
Conocimientos Ferroviarios;"¿Qué es el ""Balasto"" en la vía ferroviaria?";La pintura de la locomotora.;Capa de piedra partida que sustenta la vía y reparte presiones.;El freno de mano del tren.;El cristal de la cabina.;1;General Infraestructura
Conocimientos Ferroviarios;¿Qué pieza transversal de madera u hormigón mantiene el ancho de vía?;El carril;La traviesa;El eclisa;El tirafondo;1;General Infraestructura
Conocimientos Ferroviarios;¿Cuál es el ancho de vía estándar internacional (usado en Alta Velocidad en España)?;1.000 mm;1.435 mm;1.668 mm;1.520 mm;1;General Infraestructura
Conocimientos Ferroviarios;¿Cuál es el ancho de vía ibérico?;1.000 mm;1.435 mm;1.668 mm;1.674 mm;2;General Infraestructura
Conocimientos Ferroviarios;¿Qué sistema de protección de trenes permite la transmisión continua de información y conducción automática?;ASFA;LZB / ETCS;GSM-R;Bloqueo telefónico;1;8.5 Sistemas de protección de trenes
Conocimientos Ferroviarios;¿Cómo se denomina la comunicación por radio específica para el entorno ferroviario?;WIFI-F;GSM-R;Bluetooth 5.0;TETRA;1;8.6 Comunicaciones
Conocimientos Ferroviarios;"¿Qué es una ""Maniobra"" en el ámbito operativo?";Un viaje de larga distancia.;Movimiento de vehículos en estaciones para formar trenes o cambiar de vía.;El proceso de cobrar un billete.;Un curso de formación de 6 meses.;1;9.3.1 Maniobras
Conocimientos Ferroviarios;¿Qué centro de Renfe se encarga de gestionar la operativa diaria de los trenes y las incidencias?;El taller de mantenimiento.;El Centro de Gestión (CGE / CGP).;La taquilla de la estación.;El departamento de marketing.;1;9.4.3 Centros de Gestión
Conocimientos Ferroviarios;¿Qué significan las siglas ETCS?;Equipo de Tracción con Control Seguro.;European Train Control System.;Estación de Transportes y Carga Segura.;Enlace Telemático de Circulación Simple.;1;8.5.3 ETCS
Conocimientos Ferroviarios;¿Cuál es el componente del ETCS que se instala en la infraestructura?;Eurobalizas;Pantógrafo;Siver;Copérnico;0;8.5.3 ETCS
Conocimientos Ferroviarios;¿Qué pilar del Cuarto Paquete Ferroviario busca reducir los plazos de autorización de vehículos?;Pilar de mercado.;Pilar técnico.;Pilar de formación.;Pilar de sostenibilidad.;1;3.1.2 Evolución de los Paquetes Ferroviarios
Conocimientos Ferroviarios;¿Qué organismo investiga accidentes para no atribuir culpas penales sino mejorar el sistema?;El juez de guardia.;La CIAF.;La guardia civil.;El seguro obligatorio.;1;3.2.7 Comisión de Investigación de Accidentes Ferroviarios
Conocimientos Ferroviarios;El proceso por el cual Adif asigna horarios y trayectos se llama:;Venta de billetes.;Adjudicación de Capacidad.;Registro Retributivo.;Plan de Igualdad.;1;10 GLOSARIO
Conocimientos Ferroviarios;¿Qué sistema de bloqueo impide que dos trenes entren en el mismo tramo por error humano?;Bloqueo Automático (o telefónico con reglas).;Sistema de climatización.;Sistema de megafonía.;Sistema de iluminación.;0;8.3 Enclavamiento y bloqueo
Conocimientos Ferroviarios;¿Qué autoridad española supervisa el mantenimiento del material rodante?;Renfe;Adif;AESF (Agencia Estatal de Seguridad Ferroviaria).;Ministerio de Trabajo.;2;10 GLOSARIO
Conocimientos Ferroviarios;¿A qué velocidad máxima aproximada se mide el paso por cada punto en el Libro de Itinerarios?;A la velocidad media del día.;A la velocidad máxima permitida para ese tramo y tren.;A 10 km/h por seguridad siempre.;No se indica velocidad.;1;9.2.4 Documentación durante el servicio
Conocimientos Ferroviarios;¿Qué significan las siglas CTC?;Control de Transporte y Calidad.;Centro de Tratamiento de Clientes.;Control de Tráfico Centralizado.;Central de Trenes de Cercanías.;2;9.2.2 Líneas y paridad
Conocimientos Ferroviarios;¿Qué dispositivo permite al maquinista ver la información del sistema ETCS en cabina?;El retrovisor.;El DMI (Driver Machine Interface).;El teléfono móvil personal.;El Documento de Tren papel.;1;10 GLOSARIO (DMI mencionado en Figuras)
Conocimientos Ferroviarios;¿Qué se busca con la interoperabilidad ferroviaria en la UE?;Que todos los trenes sean del mismo color.;Que un tren pueda circular por las redes de distintos países sin barreras técnicas.;Que todos los billetes cuesten lo mismo.;Que solo haya una empresa ferroviaria en Europa.;1;3.1.2 Evolución de los Paquetes Ferroviarios
Conocimientos Ferroviarios;"¿Cuál es la entidad responsable de la publicación de la ""Declaración sobre la Red""?";Renfe Operadora.;El Administrador de Infraestructuras (AI).;La CNMC.;La CIAF.;1;10 GLOSARIO
Conocimientos Ferroviarios;¿Qué componente de la vía ferroviaria tiene la función de guiar las ruedas?;La traviesa.;El carril.;El balasto.;El poste de catenaria.;1;General Infraestructura
Conocimientos Ferroviarios;¿Qué organismo en España actúa como árbitro en disputas sobre condiciones de acceso a la red?;La AESF.;La CNMC.;El Ministerio de Transportes.;El Defensor del Pueblo.;1;3.2.6 Comisión Nacional de los Mercados y la Competencia
Conocimientos Ferroviarios;"¿Qué es un ""Surco"" en la planificación ferroviaria?";Una zanja al lado de la vía.;La unidad de capacidad que define el trayecto y horario de un tren.;El nombre de un tipo de locomotora.;Un retraso superior a 60 minutos.;1;9.5.1 Planificación de mallas
Conocimientos Ferroviarios;¿Qué sistema de comunicaciones utiliza una frecuencia de 900 MHz exclusiva para el ferrocarril?;Bluetooth;WIFI;GSM-R;5G Comercial;2;8.6 Comunicaciones
Conocimientos Ferroviarios;¿Qué autoridad española emite el certificado de seguridad para operar solo en España?;La EUAR.;La AESF.;Adif.;Renfe.;1;3.1.5 La Agencia Ferroviaria de la Unión Europea
Conocimientos Ferroviarios;¿Qué significan las siglas RFIG?;Red de Ferrocarriles de Interés Global.;Red Ferroviaria de Interés General.;Red Ferroviaria Ibérica y Gallega.;Red de Formación e Innovación Grupal.;1;4.1 El concepto
Conocimientos Ferroviarios;¿Cuál es el año de creación de la Red Nacional de los Ferrocarriles Españoles (RENFE)?;1921;1941;1951;1975;1;4.1 El concepto
Conocimientos Ferroviarios;¿Qué pilar del transporte ferroviario se basa en el autoguiado?;Seguridad.;Sistema técnico.;Comercial.;Administrativo.;1;1 EL SISTEMA FERROVIARIO
Conocimientos Ferroviarios;¿Qué ley creó la CNMC?;Ley 38/2015.;Ley 3/2013.;Ley 16/1987.;Ley General de 1855.;1;3.2.6 CNMC
Conocimientos Ferroviarios;¿Qué organismo realiza investigaciones técnicas independientes de accidentes?;La AESF.;La CIAF.;El Ministerio Fiscal.;Adif.;1;3.2.7 CIAF
Conocimientos Ferroviarios;¿Qué se requiere para la entrada en servicio de una nueva terminal de mercancías?;Una oferta de empleo.;Una autorización de la AESF.;Un permiso del ayuntamiento.;Una campaña de publicidad.;1;4.5 Administración de líneas de la RFIG
Conocimientos Ferroviarios;¿Qué documento contiene las notificaciones relativas a la infraestructura que afectan a un tren concreto?;El billete de niño.;El Documento de Tren.;El folleto de AVLO.;La tarjeta Dorada.;1;9.2.4 Documentación durante el servicio
Conocimientos Ferroviarios;¿Qué información NO se incluye en el Documento de Tren?;Datos de frenado.;Personal de servicio (Maquinista/Interventor).;El menú de la cafetería.;Identificación del tren.;2;9.2.4 Documentación durante el servicio
Conocimientos Ferroviarios;¿Cómo se llama el proceso de combinar marchas de trenes para que sean compatibles?;Adjudicación de billetes.;Planificación de mallas.;Selección de personal.;Gestión de uniformidad.;1;9.5.1 Planificación de mallas
Conocimientos Ferroviarios;¿Qué es una Eurobaliza?;Una moneda ferroviaria.;Dispositivo en vía del sistema ETCS para transmitir datos al tren.;Una señal de stop manual.;Una farola de la estación.;1;8.5.3 ETCS
Conocimientos Ferroviarios;¿Qué ventaja tiene el sistema CTC?;Que los trenes van gratis.;Que permite gestionar la circulación de muchas estaciones desde un solo punto.;Que elimina el ruido del tren.;Que permite vender billetes en ruta.;1;9.2.2 Líneas y paridad
Conocimientos Ferroviarios;¿Quién emite el Documento de Tren?;Adif.;Renfe (La empresa operadora).;La AESF.;La policía nacional.;1;9.2.4 Documentación durante el servicio
Conocimientos Ferroviarios;¿Qué autoridad española vela por el cumplimiento de los requisitos de interoperabilidad?;Renfe.;Adif.;La AESF.;La CNMC.;2;10 GLOSARIO
Conocimientos Ferroviarios;"¿Qué es un tren de ""Ancho Estándar""?";El de 1.668 mm.;El de 1.435 mm (u UIC).;El de 1.000 mm.;El que mide 200 metros.;1;General Infraestructura
Conocimientos Ferroviarios;¿Qué sistema de protección de trenes se usa en las líneas de Alta Velocidad Madrid-Sevilla?;ASFA exclusivamente.;LZB (inicialmente).;Solo señales de brazo.;Ninguno.;1;8.5.2 LZB
Conocimientos Ferroviarios;¿Cómo se denomina el sistema europeo de control de trenes que busca la interoperabilidad total?;SIVER;ERTMS / ETCS;COPÉRNICO;VISIR;1;8.5.3 ETCS
Conocimientos Ferroviarios;¿Cuál es la principal ventaja operativa del autoguiado?;No necesita conductor.;Permite circular con seguridad por trazados definidos (vías).;Que el tren nunca descarrila.;Que puede ir por carretera si es necesario.;1;1 EL SISTEMA FERROVIARIO
Conocimientos Ferroviarios;¿Qué organismo nacional ejerce la inspección en materia de seguridad operacional?;Renfe.;Adif.;AESF.;CNMC.;2;10 GLOSARIO (AESF)
Conocimientos Ferroviarios;"¿Qué es el ""Cruce"" de trenes en una vía única?";Cuando un tren atropella a otro.;Cuando dos trenes se encuentran en una estación para pasar uno antes que el otro.;Un tipo de señal luminosa.;Un descuento por viajar en grupo.;1;General Operaciones
Conocimientos Ferroviarios;"¿Qué significa que un tren circula en ""Vía Única""?";Que solo hay una vía para ambos sentidos de la marcha.;Que solo hay una vía en toda España.;Que el tren solo tiene un vagón.;Que la vía es de oro.;0;General Infraestructura
Conocimientos Ferroviarios;¿Qué sistema de comunicación permite al maquinista hablar con el Centro de Regulación y Control (CRC)?;WhatsApp;Tren-Tierra (GSM-R).;Megafonía del tren.;Gestos con las manos.;1;8.6 Comunicaciones
Conocimientos Ferroviarios;"¿Qué es el ""Bogíe"" en un vehículo ferroviario?";El asiento del maquinista.;Carro articulado de dos o más ejes sobre el que se apoya el cuerpo del vehículo.;El motor diésel.;El gancho de tracción.;1;General Material Motor
Conocimientos Ferroviarios;¿Qué significan las siglas UIC?;Unión Internacional de Ferrocarriles.;Unidad de Inspección de Caminos.;Unificación de Intervenciones Comerciales.;Unión de Infraestructuras de Carga.;0;General (Glosario implícito)
Conocimientos Ferroviarios;¿Qué tipo de carril es el más común en la RFIG?;Carril de madera.;Carril Vignole (perfil en forma de T invertida).;Carril de plástico.;Carril plano.;1;General Infraestructura
Conocimientos Ferroviarios;"¿Qué es la ""Catenaria""?";Una enfermedad del hierro.;Conjunto de cables aéreos que suministran electricidad a los trenes.;Una señal de aviso de velocidad.;El nombre de una estación antigua.;1;General Infraestructura
Conocimientos Ferroviarios;"¿Qué función tiene el ""Hormigón"" en las traviesas modernas?";Dar color a la vía.;Proporcionar mayor peso, estabilidad y durabilidad que la madera.;Hacer la vía más elástica.;Evitar que crezca hierba.;1;General Infraestructura
Conocimientos Ferroviarios;¿Qué sistema de señales usa colores verde, amarillo y rojo?;Sistema de megafonía.;Señales luminosas de circulación.;Sistema de climatización.;Uniformes del personal.;1;8.4 Señales
Conocimientos Ferroviarios;¿Qué indica una señal luminosa en color ROJO?;Vía libre.;Parada inmediata.;Precaución.;Anuncio de parada.;1;8.4 Señales
Conocimientos Ferroviarios;¿Qué indica una señal luminosa en color VERDE?;Parada inmediata.;Vía libre.;Reducción de velocidad.;Fin de trayecto.;1;8.4 Señales
Conocimientos Ferroviarios;¿Cuál es la función del Centro de Regulación y Control (CRC) de Adif?;Vender billetes.;Gestionar y supervisar en tiempo real la circulación de los trenes.;Limpiar las estaciones.;Reparar locomotoras.;1;9.2.2 Líneas y paridad
Conocimientos Ferroviarios;"¿Qué significa ""Circulación en sentido contrario"" o a contravía?";Un error gravísimo siempre prohibido.;Circular por la vía de la izquierda en líneas de doble vía (en ciertos casos regulados).;Ir marcha atrás.;Ir por la carretera al lado de la vía.;1;General Operaciones
Conocimientos Ferroviarios;"¿Qué es el ""Gálibo""?";El peso total del tren.;Dimensiones máximas de altura y anchura que puede tener un tren para no chocar con obstáculos.;El nombre del revisor.;El combustible del tren.;1;General Infraestructura
Conocimientos Ferroviarios;¿Qué componente del carril es la superficie sobre la que ruedan las ruedas?;El alma.;El hongo (o cabeza).;El patín.;La eclisa.;1;General Infraestructura
Conocimientos Ferroviarios;"¿Qué función tienen las ""Agujas"" o desvíos?";Coser las fundas de los asientos.;Permitir que el tren pase de una vía a otra.;Medir la velocidad del viento.;Sujetar los cables de catenaria.;1;10 GLOSARIO (implícito en aparatos de vía)
Conocimientos Ferroviarios;"¿Qué es el ""Bloqueo Telefónico""?";Cuando no funciona el móvil.;Sistema manual donde los jefes de estación se comunican por teléfono para asegurar que la vía está libre.;Cortar la línea telefónica de la estación.;Un tipo de sanción disciplinaria.;1;8.3 Enclavamiento y bloqueo
Conocimientos Ferroviarios;¿Qué autoridad europea supervisa la seguridad ferroviaria en toda la UE?;El Banco Central Europeo.;La Agencia Ferroviaria de la Unión Europea (EUAR).;La OTAN.;La UNESCO.;1;3.1.5 La Agencia Ferroviaria de la Unión Europea
Conocimientos Ferroviarios;¿Qué ley regula en España el control económico y de cánones ferroviarios?;Ley de Ferrocarriles de 1855.;Ley 3/2013 de la CNMC.;Ley de Igualdad 3/2007.;Código Penal.;1;3.2.6 CNMC
Conocimientos Ferroviarios;¿Qué organismo emite recomendaciones para prevenir futuros accidentes ferroviarios?;La policía local.;La CIAF.;El Ministerio de Educación.;Renfe Agencias.;1;3.2.7 CIAF
Conocimientos Ferroviarios;"¿Qué es una estación ""Término""?";Una estación muy calurosa.;Estación donde finalizan todas las líneas y los trenes no pueden seguir adelante.;Una estación de mercancías únicamente.;El nombre de la parada central de Madrid.;1;General Infraestructura
Conocimientos Ferroviarios;"¿Qué es un ""Tren de Trabajo""?";Un tren para ir a la oficina.;Tren utilizado para el mantenimiento y reparación de la infraestructura ferroviaria.;Un tren muy rápido.;El tren que conduce el jefe.;1;General Operaciones
Conocimientos Ferroviarios;"¿Qué significa que un tren va en ""Doble Composición""?";Que lleva dos locomotoras al principio.;Dos trenes completos unidos que funcionan como uno solo para aumentar plazas.;Que el billete cuesta el doble.;Que el tren tiene dos pisos.;1;General Operaciones
Conocimientos Ferroviarios;¿Qué elemento de la vía sirve para compensar la fuerza centrífuga en las curvas?;El balasto.;El peralte (diferencia de altura entre los dos raíles).;La catenaria.;El pantógrafo.;1;General Infraestructura
Conocimientos Ferroviarios;¿Qué autoridad española habilita a los centros de formación ferroviaria?;Renfe.;Adif.;La AESF.;La CNMC.;2;10 GLOSARIO
Conocimientos Ferroviarios;"¿Qué es el ""Paso a Nivel""?";Un puente sobre la vía.;Cruce al mismo nivel entre una vía ferroviaria y una carretera o camino.;Una rampa de acceso al tren.;El nombre de un programa de radio.;1;4.5 Administración de líneas de la RFIG
Conocimientos Ferroviarios;¿Qué significan las siglas CGE?;Centro de Gestión de Estaciones.;Centro de Gestión de Entradas.;Centro de Gestión de la Explotación (de Renfe).;Comisión de Gastos Especiales.;2;9.4.3 Centros de Gestión
Conocimientos Ferroviarios;"¿Qué aplicación de Renfe registra los ""Planes Alternativos de Transporte"" (PAT)?";Visir.;Siver.;Copérnico.;Renfe.com.;2;9.4.3 Centros de Gestión
Conocimientos Ferroviarios;"¿Qué es el ""Documento de Tren"" según el glosario/texto?";Un folleto publicitario.;Documento con información necesaria para la circulación (composición, frenado, etc.).;El contrato de trabajo del maquinista.;Un ticket de restaurante del tren.;1;9.2.4 Documentación durante el servicio
Conocimientos Ferroviarios;"¿Qué es el ""Bloqueo Automático""?";Un error en el sistema informático.;Sistema que utiliza circuitos de vía para detectar trenes y poner las señales en rojo automáticamente.;El cierre de puertas del tren.;Un tipo de huelga.;1;9.2.2 Líneas y paridad
Conocimientos Ferroviarios;"¿Qué autoridad emite la ""Declaración sobre la Red""?";La AESF.;Adif (El Administrador de Infraestructura).;Renfe Operadora.;La CNMC.;1;10 GLOSARIO
Conocimientos Ferroviarios;"¿Qué significa ""Kilómetro Cero"" en el sistema ferroviario español?";El centro de la Puerta del Sol.;El punto de inicio de una línea ferroviaria para medir distancias.;Una avería donde el tren no se mueve.;El precio mínimo del billete.;1;General (Hitos kilométricos)
Conocimientos Ferroviarios;¿Qué sistema se usa para detectar si hay un tren en un tramo de vía mediante el cortocircuito de los raíles?;GPS.;Circuitos de vía.;Cámaras infrarrojas.;El revisor mirando por la ventana.;1;9.2.2 Líneas y paridad
Conocimientos Ferroviarios;"¿Qué significa ""Vía Libre""?";Que el billete es gratis.;Que no hay ningún tren en el siguiente cantón y se puede circular a velocidad normal.;Que el tren va por el campo.;Que se puede bajar del tren en marcha.;1;8.4 Señales
Conocimientos Ferroviarios;¿Qué ley española de 2013 vela por la competencia justa tras la liberalización?;Ley de Ferrocarriles de 1855.;Ley 3/2013 de la CNMC.;Ley de Seguridad Vial.;Ley de Enjuiciamiento Criminal.;1;3.2.6 CNMC
Conocimientos Ferroviarios;¿Cuál es el nombre del sistema que frena el tren si el maquinista no reconoce una señal de precaución?;SIVER.;ASFA.;COPÉRNICO.;VISIR.;1;8.5.1 ASFA
Conocimientos Ferroviarios;"¿Qué es un ""Coche"" en terminología ferroviaria?";Un automóvil que va por la vía.;Vehículo remolcado destinado al transporte de viajeros.;La cabina del maquinista.;Un camión de mercancías.;1;General (Material remolcado)
Conocimientos Ferroviarios;"¿Qué es un ""Vagón""?";Un coche de viajeros de lujo.;Vehículo remolcado destinado al transporte de mercancías.;El motor del tren.;Una estación pequeña.;1;General (Material remolcado)
Conocimientos Ferroviarios;"¿Qué autoridad emite el ""Certificado de Seguridad Único"" en la UE?";El Papa.;La Agencia Ferroviaria de la UE (EUAR).;El Banco Central Europeo.;El Ministerio de Interior.;1;3.1.5 La Agencia Ferroviaria de la Unión Europea
Conocimientos Ferroviarios;"¿Qué significa ""Explotación Ferroviaria""?";Explotar a los trabajadores.;El conjunto de actividades y procesos para prestar el servicio de transporte.;Hacer explotar las vías con dinamita.;Un tipo de motor de vapor.;1;General (Título del manual)
Conocimientos Ferroviarios;"¿Qué significa que una señal está en ""Anuncio de Parada""?";Que el tren va a llegar a la estación central.;Que la siguiente señal puede estar en rojo (parada) y hay que reducir velocidad.;Que el tren ha terminado su servicio.;Que hay una oferta en billetes.;1;8.4 Señales
Conocimientos Ferroviarios;¿Qué dispositivo del tren se conecta con las eurobalizas en el sistema ETCS?;El pantógrafo.;La antena captadora (o antena de baliza).;El retrovisor.;El faro principal.;1;8.5.3 ETCS
Conocimientos Ferroviarios;"¿Qué es un ""Puesto de Mando"" (PM)?";El asiento del jefe.;Oficina centralizada donde se regula la circulación de un área ferroviaria.;El lugar donde se guardan las locomotoras.;Una tienda de comida en la estación.;1;9.2.2 Líneas y paridad
Conocimientos Ferroviarios;¿Qué significan las siglas LZB?;Localización de Zonas de Bloqueo.;Linienzugbeeinflussung (Control continuo de trenes).;Límite de Zona de Baches.;Larga Zona de Balizas.;1;8.5.2 LZB
Conocimientos Ferroviarios;¿Qué sistema de seguridad se instaló originalmente en la línea de alta velocidad Madrid-Sevilla en 1992?;ASFA Digital.;LZB.;ETCS Nivel 3.;Bloqueo Telefónico.;1;8.5.2 LZB
Conocimientos Ferroviarios;"¿Qué es la ""Interoperabilidad""?";Poder hablar por teléfono en el tren.;Capacidad de que trenes e infraestructuras de distintos países funcionen juntos sin problemas.;Poder cambiar de asiento durante el viaje.;Usar el mismo billete para tren y autobús.;1;3.1.2 Evolución de los Paquetes Ferroviarios
Conocimientos Ferroviarios;¿Qué organismo emite los proyectos básicos y de construcción de infraestructuras?;Renfe Operadora.;El Administrador de Infraestructura (Adif).;El ayuntamiento local.;La CNMC.;1;4.5 Administración de líneas de la RFIG
Conocimientos Ferroviarios;"¿Qué es el ""Glosario"" en el temario oficial?";Una lista de precios.;Sección que define los términos técnicos clave del sector ferroviario.;El nombre de una locomotora antigua.;Un tipo de uniforme.;1;10 GLOSARIO
Conocimientos Ferroviarios;¿A qué distancia por debajo del plano de rodadura se mide oficialmente el ancho de vía?;10 mm.;14 mm.;20 mm.;5 mm.;1;5.2.4 Ancho de vía
Conocimientos Ferroviarios;¿Cuál es la serie asignada a las locomotoras eléctricas de la serie 252, 253 o 269?;Serie 1.;Serie 2.;Serie 3.;Serie 5.;1;7.2.5 Numeración del material motor
Conocimientos Ferroviarios;Según la normativa europea de 2016, ¿qué directiva se encarga de la interoperabilidad del sistema ferroviario?;Directiva (UE) 2016/796.;Directiva (UE) 2016/797.;Directiva (UE) 2016/798.;Directiva (UE) 2012/34.;1;3.1.2 Evolución de los Paquetes Ferroviarios
Conocimientos Ferroviarios;"¿Qué rango de numeración identifica a un ""tren especial"" creado para una necesidad inmediata?";00.001 a 89.999.;10.000 a 50.000.;90.000 a 99.999.;Solo números de 4 cifras.;2;9.2.3 Número de tren
Conocimientos Ferroviarios;En el sistema ETCS, ¿qué nivel se utiliza cuando la infraestructura solo dispone de equipamientos nacionales (NTC)?;Nivel 0.;Nivel 1.;Nivel 2.;Nivel NTC / Nivel 0.;3;8.5.3 ETCS
Conocimientos Ferroviarios;¿Cómo se denomina técnicamente el aparato indicador en cabina que muestra las magnitudes guía en el sistema LZB?;DMI.;AICC.;SIVER.;COPÉRNICO.;1;8.5.2 LZB (Figura 61)
Conocimientos Ferroviarios;"¿Cuál es la función principal de los ""Circuitos de Vía"" en la seguridad ferroviaria?";Suministrar energía al tren.;Detectar la presencia de un tren mediante el cortocircuito de los carriles.;Medir la velocidad del viento.;Validar los billetes de los pasajeros.;1;8.2 Sistemas de detección de trenes
Conocimientos Ferroviarios;Según el informe Subercase de 1844, ¿cuál fue el ancho de vía recomendado originalmente (en pies castellanos)?;4 pies.;5 pies.;6 pies (1.672 mm aprox).;8 pies.;2;2.5.1 Informe Subercase
Conocimientos Ferroviarios;¿Qué tipo de transmisión diésel utiliza un alternador para alimentar motores eléctricos de tracción?;Diésel-mecánica.;Diésel-hidráulica.;Diésel-eléctrica.;Transmisión por cadena.;2;7.2.3 Material motor diésel
Conocimientos Ferroviarios;¿Cuál es el número total de cifras que componen el Número de Vehículo Europeo (NVE)?;8 cifras.;10 cifras.;12 cifras.;15 cifras.;2;7.2.5 Numeración del material motor
Conocimientos Ferroviarios;¿Qué sistema de protección supervisa la aproximación a una señal en indicación de parada mediante balizas?;LZB.;ETCS Nivel 2.;ASFA.;Tren-Tierra.;2;8.5.1 ASFA
Conocimientos Ferroviarios;¿Cómo se denomina al personal de Renfe encargado de las tareas de seguridad en estaciones (como pruebas de frenado)?;Interventor.;Operador Comercial.;Personal de circulación / Responsable de Operaciones.;Maquinista.;2;9.4.1 Personal de circulación
Conocimientos Ferroviarios;"¿Qué documento de Adif contiene las ""Notificaciones de Infraestructura"" para un tren y día concretos?";Libro de Itinerarios.;Documento de Tren (Notificaciones).;Reglamento de Circulación.;Consigna A.;1;9.2.4 Documentación durante el servicio
Conocimientos Ferroviarios;En la organización de la red, ¿qué indica que un tren tiene sentido de kilometraje ascendente?;Número Impar.;Número Par.;Color rojo.;Letra A.;1;9.2.2 Líneas y paridad
Conocimientos Ferroviarios;¿Cuál es el componente del sistema ETCS que permite la comunicación continua vía radio?;Eurobaliza.;Euroloop.;GSM-R.;Pantógrafo.;2;8.5.3 ETCS
Conocimientos Ferroviarios;"Según el glosario, ¿qué es un ""Cantón""?";Una estación de mercancías.;Tramo de vía en el que no puede haber más de un tren simultáneamente.;Un tipo de carril reforzado.;La cabina del maquinista.;1;10 GLOSARIO
Conocimientos Ferroviarios;¿Qué organismo emite la autorización para la entrada en servicio de material rodante en España?;Renfe.;Adif.;Agencia Estatal de Seguridad Ferroviaria (AESF).;CNMC.;2;3.2.3 AESF / Glosario
Conocimientos Ferroviarios;¿Qué sistema de frenado utiliza el aire comprimido para actuar sobre zapatas o discos?;Freno eléctrico.;Freno dinámico.;Freno neumático.;Freno de mano exclusivamente.;2;7.4 Frenado ferroviario
Conocimientos Ferroviarios;¿Cuál es el nombre del enganche automático utilizado frecuentemente en trenes autopropulsados?;Gancho de husillo.;Brida.;Scharfenberg (Schaku).;Eclisa.;2;7.5 Acople de vehículos
Conocimientos Ferroviarios;¿Qué porcentaje de las líneas de alta velocidad en España está gestionado mediante Control de Tráfico Centralizado (CTC)?;50%.;85%.;90%.;100%.;3;9.2.2 Líneas y paridad
Conocimientos Ferroviarios;¿Qué magnitud guía en el LZB indica la distancia hasta el punto donde debe cambiar la velocidad límite?;Velocidad real.;Velocidad meta.;Distancia meta.;Tiempo de llegada.;2;8.5.2 LZB
Conocimientos Ferroviarios;"¿Cómo se define el ""Gálibo"" en el contexto de infraestructura?";El peso máximo por eje.;El perímetro que limita las dimensiones de vehículos y obstáculos próximos a la vía.;La longitud total del tren.;El número de asientos por coche.;1;5.1.2 Plataforma y obras
Conocimientos Ferroviarios;¿Qué ley de 1987 intentó modernizar el sector antes de la separación de 2005?;Ley General de 1855.;Ley 16/1987 de Ordenación de los Transportes Terrestres (LOTT).;Ley 38/2015.;Ley de creación de la CNMC.;1;2.5.7 Contratos Programa / LOTT
Conocimientos Ferroviarios;¿Qué elemento de la superestructura se encarga de transmitir los esfuerzos de las ruedas al balasto?;El carril.;La traviesa.;La sujeción.;El tirafondo.;1;5.2.2 Carril, traviesa y sujeciones
Conocimientos Ferroviarios;¿Cuál es el voltaje estándar en corriente alterna utilizado en las líneas de Alta Velocidad en España?;1.500 V.;3.000 V.;25.000 V (25 kV).;50.000 V.;2;6.1.1 Electrificación en la RFIG
Conocimientos Ferroviarios;"¿A quién se le permite solicitar la ""tarjeta Más Renfe"" según la normativa de fidelización integrada en conocimientos básicos?";Solo a mayores de 18 años.;A cualquier persona mayor de 14 años.;Solo a personal ferroviario.;A empresas privadas únicamente.;1;II Plan de Igualdad / Fidelización (Contexto comercial)
Conocimientos Ferroviarios;¿Qué sistema de bloqueo permite la circulación de trenes en ambos sentidos por una misma vía con total seguridad?;Bloqueo Telefónico.;Bloqueo Automático en Vía Única (BAU).;Enclavamiento manual.;No es posible circular en ambos sentidos.;1;8.3 Enclavamiento y bloqueo
Conocimientos Ferroviarios;¿Cuál es el nombre del sistema que gestiona mallas y surcos en Adif, citado en la planificación?;SIVER.;COPÉRNICO.;El Sistema de Adjudicación de Capacidad (SGC).;VISIR.;2;4.5 Administración de líneas de la RFIG
Conocimientos Ferroviarios;"¿Qué pilar del Cuarto Paquete Ferroviario introdujo el ""Certificado de Seguridad Único""?";Pilar de mercado.;Pilar técnico.;Pilar de pasajeros.;Pilar de formación.;1;3.1.2 Evolución de los Paquetes Ferroviarios
Conocimientos Ferroviarios;"En el número de tren ""80441"", ¿qué indica que es un tren hacia Albacete según el ejemplo del texto?";Que empieza por 8.;Que es un número impar.;Que tiene 5 cifras.;Que termina en 1.;1;9.2.2 Líneas y paridad (Tabla 3)
Conocimientos Ferroviarios;¿Qué significan las siglas RFIG?;Red Ferroviaria de Interés Global.;Red Ferroviaria de Interés General.;Registro Ferroviario de Industrias Gallegas.;Ruta Ferroviaria de Integración de Grupos.;1;4.1 El concepto
Conocimientos Ferroviarios;¿Qué autoridad técnica es responsable de la investigación de accidentes graves para mejorar la seguridad?;AESF.;CIAF.;CNMC.;Ministerio de Interior.;1;3.2.7 CIAF
Conocimientos Ferroviarios;¿Cómo se denomina el tramo de vía que conecta dos vías permitiendo el paso de una a otra?;Aguja.;Bretelle o Escape.;Cantón.;Surco.;1;5.2.3 Desvíos (Figura 25)
Conocimientos Ferroviarios;¿Qué tipo de señal indica al maquinista que debe efectuar parada inmediata?;Señal verde.;Señal amarilla.;Señal roja.;Señal blanca.;2;8.4 Señales
Conocimientos Ferroviarios;"¿Cuál es la ""ventana de tiempo"" mínima en la que un tren debe estar separado de otro en un mismo surco?";1 minuto.;3 minutos.;Depende del sistema de bloqueo y seguridad.;30 minutos siempre.;2;8.3 Enclavamiento y bloqueo / Glosario
Conocimientos Ferroviarios;"¿Qué es un ""Automotor"" según el glosario técnico?";Una locomotora de vapor.;Un tren indeformable con tracción propia eléctrica o térmica.;Un coche de pasajeros sin motor.;Un vehículo de inspección de vías.;1;10 GLOSARIO
Conocimientos Ferroviarios;"¿Quién firma el ""Documento de Tren"" para validar que el tren está listo para circular?";El Jefe de Estación únicamente.;El Maquinista (y el personal de operaciones si procede).;El Interventor.;El Director de Renfe.;1;9.2.4 Documentación durante el servicio
Conocimientos Ferroviarios;¿Qué sistema de seguridad es obligatorio en todas las líneas de la RFIG, excepto en tramos muy específicos de maniobras?;LZB.;ETCS Nivel 2.;ASFA.;Tren-Tierra.;2;8.5.1 ASFA
Conocimientos Ferroviarios;¿Qué ancho de vía se utiliza en la red de vía métrica de la antigua FEVE?;1.668 mm.;1.435 mm.;1.000 mm.;1.520 mm.;2;5.2.4 Ancho de vía
Conocimientos Ferroviarios;"¿Cómo se denomina el ""peaje"" que Renfe paga a Adif por el uso de la infraestructura?";Billete.;Canon.;Subvención.;Arancel.;1;10 GLOSARIO
Conocimientos Ferroviarios;¿Qué pilar del Cuarto Paquete Ferroviario busca evitar la discriminación en el acceso a la red?;Pilar técnico.;Pilar de mercado.;Pilar de seguridad.;Pilar de transparencia.;1;3.1.2 Evolución de los Paquetes Ferroviarios
Conocimientos Ferroviarios;¿Qué significan las siglas CTC?;Centro de Tratamiento de Clientes.;Control de Tráfico Centralizado.;Central de Trenes de Cercanías.;Comisión de Transportes y Comunicaciones.;1;9.2.2 Líneas y paridad
Conocimientos Ferroviarios;¿Qué documento contiene la información de velocidad máxima permitida por tramos para un Maquinista?;Cuadro de Velocidades Máximas (o Libro de Itinerarios).;Documento de Tren.;Reglamento de Circulación.;Guía del Viajero.;0;9.2.4 Documentación durante el servicio
Conocimientos Ferroviarios;¿Qué componente de la vía mantiene la separación constante entre los dos carriles?;El balasto.;La traviesa.;La catenaria.;El eclisa.;1;5.2.2 Carril, traviesa y sujeciones
Conocimientos Ferroviarios;¿En qué año se fundó la Red Nacional de los Ferrocarriles Españoles (RENFE)?;1921.;1936.;1941.;1955.;2;4.1 El concepto (Historia)
Conocimientos Ferroviarios;¿Qué sistema de control permite al maquinista hablar directamente con el Puesto de Mando?;ASFA.;Tren-Tierra (GSM-R).;Megafonía.;Balizas.;1;8.6 Comunicaciones
Conocimientos Ferroviarios;"¿Qué es un ""Apeadero"" según la definición del glosario?";Estación con taller.;Punto de parada para viajeros sin funciones de circulación.;Estación de cruce obligatorio.;Terminal de mercancías.;1;10 GLOSARIO
Conocimientos Ferroviarios;¿Qué tipo de carril es el estándar en la red española (perfil de T invertida)?;Carril plano.;Carril de madera.;Carril Vignole.;Carril ranurado.;2;5.2.2 Carril, traviesa y sujeciones
Conocimientos Ferroviarios;¿Cuál es la principal ventaja del sistema ETCS respecto a la interoperabilidad?;Que es más barato.;Que permite que un tren cruce fronteras europeas sin cambiar de locomotora o sistema.;Que permite ir a 500 km/h.;Que no necesita electricidad.;1;8.5.3 ETCS
Conocimientos Ferroviarios;¿Cómo se denomina el tramo de vía de una estación donde se efectúan los cruces y alcances?;Vía general.;Vía de apartado o estacionamiento.;Vía muerta.;Cantón de bloqueo.;1;9.3 Estaciones
Conocimientos Ferroviarios;¿A qué distancia exacta por debajo del plano de rodadura se mide el ancho de vía?;10 mm.;12 mm.;14 mm.;16 mm.;2;5.2.4 Ancho de vía
Conocimientos Ferroviarios;¿Qué directiva del Pilar Técnico del Cuarto Paquete Ferroviario regula la interoperabilidad?;Directiva (UE) 2016/796.;Directiva (UE) 2016/797.;Directiva (UE) 2016/798.;Reglamento (UE) 2018/762.;1;3.1.2 Evolución de los Paquetes Ferroviarios
Conocimientos Ferroviarios;"¿Cuál es el rango de numeración para un ""tren especial"" creado para una necesidad inmediata?";10.000 a 89.999.;00.001 a 09.999.;90.000 a 99.999.;Solo de 4 cifras.;2;9.2.3 Número de tren
Conocimientos Ferroviarios;Según el sistema NVE, ¿cuántas cifras componen el número de matriculación de un vehículo?;8 cifras.;10 cifras.;12 cifras.;14 cifras.;2;7.2.5 Numeración del material motor
Conocimientos Ferroviarios;¿Qué sistema de protección de trenes permite una supervisión continua de la velocidad en todo el recorrido?;ASFA.;LZB.;Bloqueo Telefónico.;Tren-Tierra.;1;8.5.4 Comparativa de sistemas
Conocimientos Ferroviarios;¿Cómo se denomina el aparato en cabina que muestra las magnitudes guía en el sistema ETCS?;SIVER.;COPÉRNICO.;DMI (Driver Machine Interface).;VISIR.;2;8.5.3 ETCS
Conocimientos Ferroviarios;¿Qué ley española de 2013 regula la Comisión Nacional de los Mercados y la Competencia (CNMC)?;Ley 16/1987.;Ley 3/2013.;Ley 38/2015.;Ley 39/2015.;1;3.2.6 CNMC
Conocimientos Ferroviarios;¿Qué porcentaje de las líneas de alta velocidad españolas cuenta con Control de Tráfico Centralizado (CTC)?;85%.;90%.;95%.;100%.;3;9.2.2 Líneas y paridad
Conocimientos Ferroviarios;"¿Quién es el responsable de emitir el ""Certificado de Seguridad Único"" para operar en varios países de la UE?";Adif.;Renfe.;EUAR (Agencia Ferroviaria de la UE).;AESF.;2;3.1.5 La Agencia Ferroviaria de la Unión Europea
Conocimientos Ferroviarios;"¿Qué es el ""Gálibo"" según la definición técnica del manual?";El peso máximo del tren.;El perímetro que limita las dimensiones de vehículos y obstáculos.;La distancia entre ejes del bogie.;La altura de la catenaria.;1;5.1.2 Plataforma y obras
Conocimientos Ferroviarios;¿Qué tipo de transmisión diésel utiliza un alternador para alimentar motores eléctricos?;Diésel-mecánica.;Diésel-hidráulica.;Diésel-eléctrica.;Diésel-dual.;2;7.2.3 Material motor diésel
Conocimientos Ferroviarios;En el número de tren 80441 (sentido Cartagena-Albacete), ¿qué indica que va hacia Albacete?;Que empieza por 8.;Que es un número de 5 cifras.;Que es un número impar.;Que termina en 1.;2;9.2.2 Líneas y paridad
Conocimientos Ferroviarios;¿Qué autoridad española supervisa el mantenimiento del material rodante y la formación ferroviaria?;Adif.;Renfe Operadora.;AESF.;CNMC.;2;10 GLOSARIO
Conocimientos Ferroviarios;¿Qué documento contiene los datos de composición y frenado específicos para cada circulación diaria?;Libro de Itinerarios.;Documento de Tren.;Reglamento de Circulación.;Cuadro de Velocidades.;1;9.2.4 Documentación durante el servicio
Conocimientos Ferroviarios;¿Cómo se denomina el tramo de vía donde no puede haber más de un tren simultáneamente?;Surco.;Malla.;Cantón.;Estación.;2;10 GLOSARIO
Conocimientos Ferroviarios;¿Qué sistema de seguridad frena el tren si el maquinista no reconoce una señal de precaución en menos de unos segundos?;ASFA.;ETCS Nivel 2.;LZB.;GSM-R.;0;8.5.1 ASFA
Conocimientos Ferroviarios;¿Cuál es el ancho de vía estándar (UIC) utilizado en la red de alta velocidad en España?;1.000 mm.;1.435 mm.;1.520 mm.;1.668 mm.;1;5.2.4 Ancho de vía
Conocimientos Ferroviarios;¿Qué organismo realiza la investigación técnica de accidentes graves de forma independiente?;AESF.;CIAF.;CNMC.;Ministerio del Interior.;1;3.2.7 CIAF
Conocimientos Ferroviarios;"¿Cómo se denomina al ""peaje"" que las empresas pagan por el uso de la infraestructura?";Billete.;Canon.;Arancel.;Tasa de seguridad.;1;10 GLOSARIO
Conocimientos Ferroviarios;¿Qué sistema de comunicación utiliza una frecuencia de 900 MHz exclusiva para el ferrocarril?;WIFI.;Bluetooth.;GSM-R.;TETRA.;2;8.6 Comunicaciones
Conocimientos Ferroviarios;¿Qué elemento de la superestructura mantiene el ancho de vía y transmite esfuerzos al balasto?;El carril.;La traviesa.;La sujeción.;El tirafondo.;1;5.2.2 Carril, traviesa y sujeciones
Conocimientos Ferroviarios;¿Cuál fue el ancho de vía recomendado por el informe Subercase de 1844 en pies castellanos?;4 pies.;5 pies.;6 pies.;8 pies.;2;2.5.1 Informe Subercase
Conocimientos Ferroviarios;¿Qué nivel de ETCS no requiere señales laterales en la vía al basarse en comunicación radio continua?;Nivel 1.;Nivel 2.;Nivel NTC.;Nivel 0.;1;8.5.3 ETCS
Conocimientos Ferroviarios;¿Qué significan las siglas CTC?;Centro de Tratamiento de Clientes.;Control de Tráfico Centralizado.;Central de Trenes de Cercanías.;Comisión de Transportes y Calidad.;1;9.2.2 Líneas y paridad
Conocimientos Ferroviarios;¿Qué sistema garantiza que no se establezcan itinerarios incompatibles (colisiones) en una estación?;El bloqueo.;El enclavamiento.;El pantógrafo.;El tren-tierra.;1;8.3 Enclavamiento y bloqueo
Conocimientos Ferroviarios;¿Qué aplicación de Renfe registra los Planes Alternativos de Transporte (PAT)?;Siver.;Visir.;Copérnico.;Renfe.com.;2;9.4.3 Centros de Gestión
Conocimientos Ferroviarios;¿Cómo se llaman los tiempos de reserva para evitar que retrasos leves afecten a la malla?;Colchones.;Surcos.;Cantones.;Gálibos.;0;9.5.1 Planificación de mallas
Conocimientos Ferroviarios;¿Qué tipo de señal indica al maquinista que debe efectuar parada inmediata?;Señal Verde.;Señal Amarilla.;Señal Roja.;Señal Blanca.;2;8.4 Señales
Conocimientos Ferroviarios;"¿Qué autoridad emite la ""Declaración sobre la Red""?";Renfe.;AESF.;Adif (Administrador de Infraestructura).;CNMC.;2;10 GLOSARIO
Conocimientos Ferroviarios;"¿Qué es un ""Automotor"" según el glosario?";Una locomotora sola.;Un tren indeformable con tracción propia.;Un coche de viajeros sin motor.;Un camión de mantenimiento.;1;10 GLOSARIO
Conocimientos Ferroviarios;¿En qué año se nacionalizó el ferrocarril en España creando RENFE?;1921.;1936.;1941.;1955.;2;4.1 El concepto
Conocimientos Ferroviarios;¿Qué componente de la vía guía las ruedas y soporta directamente su presión?;El balasto.;La traviesa.;El carril.;El poste.;2;5.2.2 Carril, traviesa y sujeciones
Conocimientos Ferroviarios;¿A qué velocidad máxima aproximada se calculan los pasos en el Libro de Itinerarios?;Velocidad media.;100 km/h siempre.;Máxima permitida para el tren y tramo.;No se indica velocidad.;2;9.2.4 Documentación
Conocimientos Ferroviarios;¿Qué significan las siglas RFIG?;Registro Ferroviario de Interés Global.;Red Ferroviaria de Interés General.;Red Ferroviaria Ibérica y Gallega.;Ruta Ferroviaria de Integración de Grupos.;1;4.1 El concepto
Conocimientos Ferroviarios;"¿Qué es una ""Maniobra""?";Un viaje de largo recorrido.;Movimiento de vehículos en estaciones para formar trenes.;Un tipo de freno de emergencia.;Un curso de formación.;1;9.3.1 Maniobras
Conocimientos Ferroviarios;¿Qué tensión estándar de electrificación se usa en la red de Alta Velocidad (en corriente alterna)?;3.000 V.;1.500 V.;25.000 V.;50.000 V.;2;6.1.1 Electrificación en la RFIG
Conocimientos Ferroviarios;"¿Qué organismo europeo actúa como ""ventanilla única"" para autorizaciones de vehículos?";Comisión Europea.;Parlamento Europeo.;EUAR (Agencia Ferroviaria de la UE).;Banco Central Europeo.;2;3.1.5 La Agencia Ferroviaria de la Unión Europea
Conocimientos Ferroviarios;¿Qué sistema de frenado usa el aire comprimido para actuar sobre discos o zapatas?;Freno eléctrico.;Freno dinámico.;Freno neumático.;Freno manual.;2;7.4 Frenado ferroviario
Conocimientos Ferroviarios;¿Qué indica una señal luminosa en color verde?;Parada inmediata.;Precaución.;Vía libre.;Reducción de velocidad.;2;8.4 Señales
Conocimientos Ferroviarios;¿Cuál es la principal ventaja operativa del autoguiado ferroviario?;No necesita conductor.;Permite circular por trazados definidos (vías).;Reduce el ruido.;Es más barato que el camión.;1;1 EL SISTEMA FERROVIARIO
Conocimientos Ferroviarios;¿Qué ley de 1987 modernizó el transporte antes de la separación de 2005?;Ley General de 1855.;Ley 16/1987 (LOTT).;Ley de Ferrocarriles de 1941.;Ley de la CNMC.;1;2.5.7 Contratos Programa / LOTT
Conocimientos Ferroviarios;¿Cómo se denomina el punto de parada para viajeros sin funciones de gestión de circulación?;Estación Técnica.;Terminal.;Apeadero.;Cargadero.;2;10 GLOSARIO
Conocimientos Ferroviarios;¿Qué sistema se instaló originalmente en la línea Madrid-Sevilla en 1992 para control continuo?;ASFA.;ETCS Nivel 3.;LZB.;Bloqueo Telefónico.;2;8.5.2 LZB
Conocimientos Ferroviarios;¿Qué componente del ETCS se instala físicamente en la vía para transmitir datos?;Euroloop.;Eurobaliza.;Euroantena.;Eurocarril.;1;8.5.3 ETCS
Conocimientos Ferroviarios;¿A quién corresponde la responsabilidad del mantenimiento de las infraestructuras de la RFIG?;Al Maquinista.;Al Administrador de Infraestructura (Adif).;A Renfe Mercancías.;A la CNMC.;1;4.5 Administración de líneas
Conocimientos Ferroviarios;"¿Cómo se define el ""Surco"" en la planificación de capacidad?";La zanja de drenaje.;La asignación de tiempo y trayecto para un tren.;El hueco entre carriles.;Una avería en la vía.;1;10 GLOSARIO
Conocimientos Ferroviarios;¿Qué serie identifica a las locomotoras eléctricas (como la 252)?;Serie 1.;Serie 2.;Serie 3.;Serie 5.;1;7.2.5 Numeración
Conocimientos Ferroviarios;¿Qué significan las siglas ETI en el marco europeo?;Estándares Técnicos Internacionales.;Especificaciones Técnicas de Interoperabilidad.;Enlaces de Transporte Interior.;Equipos de Tracción Inteligente.;1;3.1.4 ETI
Conocimientos Ferroviarios;"¿Cuál es la ""unidad de capacidad"" que permite a una empresa operar un tren concreto?";El billete.;El vagón.;El surco.;La malla.;2;4.5 Administración de líneas
Conocimientos Ferroviarios;¿Qué indica que un tren tiene sentido de kilometraje descendente en su numeración?;Número par.;Número impar.;Color rojo.;Letra D.;1;9.2.2 Líneas y paridad
II Plan de Igualdad;¿Cuál es la vigencia del II Plan de Igualdad del Grupo Renfe según el documento?;Hasta el 31 de diciembre de 2021;Hasta el 31 de diciembre de 2024;Hasta la firma del próximo convenio colectivo;Indefinida hasta su revisión;1;II Plan de Igualdad - Ámbito Temporal
II Plan de Igualdad;¿Qué porcentaje máximo no debe superar un sexo para considerarse una 'Composición Equilibrada'?;50%;60%;70%;40%;1;LOIEMH - Disposición Adicional Primera
II Plan de Igualdad;¿A quién se aplica el II Plan de Igualdad del Grupo Renfe?;Solo a Renfe Operadora;A todas las sociedades del Grupo Renfe;Solo a personal de conducción;Solo a puestos directivos;1;II Plan de Igualdad - Ámbito de Aplicación
Conocimientos Ferroviarios;¿Cuál es la distancia entre carriles en la red de Ancho Métrico?;1.668 mm;1.435 mm;1.000 mm;1.067 mm;2;Glosario - Tema 10
Conocimientos Ferroviarios;¿Qué ancho de vía se utiliza en las líneas de Alta Velocidad en España?;Ancho Ibérico;Ancho Estándar (UIC);Ancho Métrico;Ancho Mixto;1;Glosario - Tema 10
Conocimientos Ferroviarios;¿Cuál es el ancho de vía predominante en la Red Convencional española (Ancho Ibérico)?;1.435 mm;1.668 mm;1.000 mm;1.520 mm;1;Glosario - Tema 10
Conocimientos Ferroviarios;¿Qué significan las siglas ASFA?;Anuncio de Señales y Frenado Automático;Aviso de Señales y Frenado Aleatorio;Alarma de Señales y Frenado de Autogiro;Asistencia de Señales y Frenado Activo;0;Glosario - Tema 10
Conocimientos Ferroviarios;¿Cuál es el objetivo principal del sistema ERTMS?;Permitir la interoperabilidad transfronteriza en Europa;Aumentar la velocidad máxima de los trenes de carga;Reducir el consumo eléctrico de la catenaria;Sustituir al maquinista por un sistema remoto;0;Glosario - Tema 10
Conocimientos Ferroviarios;¿Qué componente del tren recoge la energía eléctrica de la catenaria?;El bogie;El pantógrafo;El enganche;El compresor;1;Glosario - Tema 10
Conocimientos Ferroviarios;¿Cuál es la ley fundamental que regula el sistema ferroviario español actual?;Ley 16/1987 (LOTT);Ley 38/2015 del Sector Ferroviario;Ley 39/2015 de Procedimiento Administrativo;Ley Orgánica 3/2007;1;Legislación - Tema 10
Conocimientos Ferroviarios;¿Qué norma europea de aplicación directa no necesita transposición a la ley nacional?;Directiva;Reglamento;Decisión;Recomendación;1;Glosario - Tema 10
Conocimientos Ferroviarios;¿Qué entidad es la encargada de la gestión de la infraestructura ferroviaria en España?;Renfe Viajeros;Adif;Agencia Estatal de Seguridad Ferroviaria;Ministerio de Hacienda;1;Ley 38/2015
Conocimientos Ferroviarios;¿Qué es un 'Surco Ferroviario'?;Una pieza de la vía;La capacidad de infraestructura asignada a un tren;Un tipo de señal luminosa;El carril de retorno de energía;1;Glosario - Tema 10
Conocimientos Ferroviarios;¿Qué documento normativo temporal modifica las reglas de circulación en un tramo?;RCF;Consigna;Aviso de parada;Libro de itinerarios;1;Glosario - Tema 10
Conocimientos Ferroviarios;¿En qué modo de conducción el maquinista debe ser capaz de detener el tren ante cualquier obstáculo visible?;Marcha normal;Marcha a la vista;Maniobra;Marcha de empuje;1;Glosario - Tema 10
II Plan de Igualdad;¿Qué se entiende por 'Acción Positiva'?;Favorecer a los hombres en sectores feminizados;Medidas para corregir desigualdades de hecho de las mujeres;Un cumplido en el entorno laboral;Aumentar el salario a toda la plantilla;1;Glosario - Plan de Igualdad
II Plan de Igualdad;¿Qué diferencia existe entre acoso sexual y acoso por razón de sexo?;Son exactamente lo mismo;El sexual es por naturaleza sexual y el otro por el sexo de la persona;El sexual solo ocurre entre compañeros;El de razón de sexo es más leve;1;Glosario - Plan de Igualdad
Conocimientos Ferroviarios;¿Cómo se denomina la plataforma elevada para acceso a los trenes?;Muelle;Andén;Escala;Pasarela;1;Glosario - Tema 10
Conocimientos Ferroviarios;¿Qué dispositivo permite a los trenes cambiar de una vía a otra?;Catenaria;Agujas (Desvío);Eje;Traviesa;1;Glosario - Tema 10
Conocimientos Ferroviarios;¿Qué es un 'Apeadero'?;Una estación con taller;Instalación para subida y bajada de viajeros sin gestión de tráfico;Un tipo de locomotora;Una zona de estacionamiento de carga;1;Glosario - Tema 10
Conocimientos Ferroviarios;1. Atendiendo a los elementos comunes del material rodante, ¿dónde se encuentra ubicada exactamente la suspensión secundaria en un vehículo ferroviario?;A) Entre los ejes montados y el bastidor del bogie.;B) Entre la caja del vehículo y el bastidor del bogie.;C) Directamente uniendo las ruedas con el patín del carril.;D) En el interior de las cajas de grasa.;B;Es una pregunta trampa clásica. La suspensión primaria se sitúa entre los ejes y el bogie, mientras que la secundaria es la que amortigua la caja del vehículo sobre el bogie.
Conocimientos Ferroviarios;2. En el esquema eléctrico de un material motor, ¿a qué grupo de consumidores pertenece el accionamiento eléctrico del compresor principal de aire?;A) Consumidores de alta tensión (tracción).;B) Consumidores de baja tensión alimentados directamente por batería.;C) Consumidores de la red de control y señalización.;D) Consumidores de media tensión (servicios auxiliares).;D;El compresor principal, fundamental para el freno y la suspensión neumática, no usa la alta tensión de los motores ni los 24/110V de la batería, sino media tensión generada por los convertidores de servicios auxiliares.
Conocimientos Ferroviarios;3. En una locomotora con 'transmisión diésel-eléctrica', ¿cuál es la función estricta del motor diésel?;A) Transmitir el movimiento rotativo de salida directamente a los ejes mediante engranajes.;B) Actuar exclusivamente como generador de energía eléctrica, sin transmitir movimiento a los ejes.;C) Proporcionar energía mediante un convertidor de par hidrodinámico.;D) Alimentar la tracción mientras el pantógrafo alimenta los servicios auxiliares.;B;"A diferencia de la diésel-hidráulica, en la diésel-eléctrica el motor de gasoil solo mueve un alternador para crear electricidad; son los motores de tracción (eléctricos) los que realmente mueven las ruedas."
Conocimientos Ferroviarios;4. Como norma general, durante la circulación en plena vía de una locomotora eléctrica equipada con dos pantógrafos, ¿cuál es su configuración operativa habitual?;A) Circular siempre con ambos pantógrafos elevados.;B) Circular exclusivamente con el pantógrafo delantero elevado.;C) Circular con el pantógrafo trasero elevado.;D) Alternar los pantógrafos en cada cantón de bloqueo.;C;Para evitar que, en caso de rotura o enganchón, el pantógrafo averiado dañe al otro al caer hacia atrás, los trenes circulan normalmente con el pantógrafo trasero elevado.
Conocimientos Ferroviarios;5. Según la clasificación del Número de Vehículo Europeo (NVE) en la RFIG, si observamos una unidad cuya serie comienza por un '2' (ej. 252 o 253), sabemos que se trata de:;A) Un automotor diésel.;B) Un automotor eléctrico de alta velocidad.;C) Una locomotora diésel.;D) Una locomotora eléctrica.;D;Las series 100 son automotores eléctricos de alta velocidad, las 200 son locomotoras eléctricas, las 300 locomotoras diésel, las 400 automotores eléctricos y las 500 automotores diésel.
Conocimientos Ferroviarios;6. En relación con el freno automático por aire comprimido, ¿qué condición se requiere en la Tubería del Freno Automático (TFA) para que los frenos aflojen y el tren pueda circular?;A) Que la tubería esté completamente vacía (0 kg/cm2).;B) Que esté presurizada al valor de régimen, habitualmente 5 kg/cm2.;C) Que alcance presiones hidráulicas superiores a 10 kg/cm2.;D) Que se haya inyectado arena a presión en la tubería.;B;El freno es 'automático' porque frena ante la falta de aire (por rotura del tubo o alarma). Por tanto, para poder aflojar frenos y circular, la TFA debe estar cargada y mantenida a 5 kg/cm2.
Conocimientos Ferroviarios;7. ¿Cuál es el principal inconveniente o limitación de los frenos dinámicos (electrodinámico e hidrodinámico) utilizados como frenos complementarios?;A) Van perdiendo eficacia de manera proporcional a la disminución de la velocidad.;B) Solo funcionan si el tren está completamente detenido.;C) Consumen una enorme cantidad de aire del depósito principal.;D) Provocan el desgaste prematuro de las zapatas de freno.;A;Los frenos dinámicos son muy potentes a altas velocidades, pero al basarse en el giro de los motores o convertidores, pierden eficacia a baja velocidad, necesitando siempre el freno neumático para la detención total.
Conocimientos Ferroviarios;8. El freno de estacionamiento por 'resorte acumulador' garantiza que un vehículo se mantenga inmovilizado porque:;A) Utiliza baterías eléctricas de emergencia.;B) Su timonería es accionada por la fuerza de un muelle en reposo, cuando no hay energía o presión.;C) Es el único freno que aplica cuñas manuales sobre los carriles.;D) Absorve la presión de los depósitos principales para mantener la tensión.;B;La trampa típica. El resorte (muelle) siempre quiere frenar el tren. Cuando hay aire comprimido, este vence al muelle y afloja el freno. Al apagar el tren o quitar el aire, el muelle se estira y frena el tren automáticamente sin necesidad de energía.
Conocimientos Ferroviarios;9. ¿Qué tipo de enganche permite realizar la conexión mecánica, eléctrica y neumática de forma simultánea e inteligente con solo aproximar los vehículos, siendo muy común en automotores?;A) Enganche de husillo.;B) Enganche UIC convencional.;C) Enganche Scharfenberg.;D) Enganche de socorro.;C;Mientras el enganche convencional/UIC requiere que un operario baje a la vía a conectar los ganchos y mangueras, el enganche automático (como el Scharfenberg) acopla todos los sistemas automáticamente al chocar.
Conocimientos Ferroviarios;10. ¿Cuál es la diferencia fundamental en la explotación ferroviaria entre un 'Coche' y un 'Automotor'?;A) El coche es para mercancías y el automotor para viajeros.;B) El automotor es un vehículo indeformable con tracción propia, mientras que el coche carece de tracción y necesita ser remolcado.;C) El coche se utiliza en alta velocidad y el automotor en redes de ancho métrico.;D) El automotor siempre es dual, mientras el coche es eléctrico.;B;Material motor vs Material remolcado. El automotor (tren autopropulsado) lleva los motores integrados y se mueve solo. El coche, aunque lleva viajeros, forma parte del material remolcado y necesita una locomotora.
Conocimientos Ferroviarios;1. Si se produce un fallo técnico en un sistema de detección de trenes, ¿qué estado debe interpretar y asumir el sistema para garantizar la seguridad?;A) Cantón libre para no detener el tráfico y asegurar la eficiencia operativa.;B) Cantón en mantenimiento preventivo.;C) Cantón ocupado, aplicando el principio fundamental de máxima seguridad.;D) Condición de precaución a 30 km/h y marcha a la vista.;C;En caso de fallo en el sistema de detección, este debe interpretar siempre la condición más segura, es decir, considerar el cantón como ocupado [8, 9].
Conocimientos Ferroviarios;2. ¿Cuál de las siguientes afirmaciones describe de manera exacta la diferencia funcional entre los sistemas de enclavamiento y de bloqueo?;A) El enclavamiento gestiona la separación entre trenes en plena vía, mientras el bloqueo regula los itinerarios en las estaciones.;B) El enclavamiento permite establecer itinerarios seguros en el interior de las estaciones, y el bloqueo garantiza la separación segura entre trenes en los trayectos entre estaciones.;C) El enclavamiento es exclusivo de las líneas de alta velocidad y el bloqueo de la red convencional.;D) El bloqueo actúa mecánicamente sobre las agujas y el enclavamiento actúa sobre los circuitos de vía.;B;Comparando ambos sistemas, podría decirse que el enclavamiento permite establecer rutas seguras en el interior de las estaciones, y el bloqueo garantiza la distancia entre trenes entre estaciones [10, 11].
Conocimientos Ferroviarios;3. Según los principios básicos que rigen un enclavamiento, ¿qué condición es indispensable para que una señal autorice un movimiento?;A) Que el Maquinista confirme la recepción de la orden por radiotelefonía al Centro de Regulación.;B) Que el tren cuente con el sistema ETCS Nivel 2 activo en modo pleno.;C) Que los aparatos de vía (agujas) implicados en la ruta se encuentren en su posición correcta.;D) Que el Centro de Regulación de la Circulación (CRC) desactive el bloqueo temporalmente.;C;El primer principio básico establece que ninguna señal puede autorizar un movimiento en una estación si los aparatos de vía (agujas) no están fijados en su posición correcta [12].
Conocimientos Ferroviarios;4. En el sistema de protección LZB, cuando un tren se aproxima a un punto donde debe efectuar un cambio de la velocidad límite, ¿qué indica exactamente la magnitud conocida como 'Distancia Meta'?;A) La distancia total que resta hasta la estación de destino final del tren.;B) La longitud total del circuito de vía o cantón en el que se encuentra circulando en ese instante.;C) La distancia física existente entre la cabeza del tren y el punto exacto donde el tren debe circular a la nueva velocidad límite prescrita.;D) La distancia de seguridad inmodificable de 300 metros que existe entre la baliza previa y la señal.;C;En el indicador de cabina (AICC), la Distancia Meta muestra la distancia existente entre la cabeza de tren y el punto exacto donde debe efectuarse el cambio a la nueva velocidad límite o velocidad meta [13, 14].
Conocimientos Ferroviarios;5. A diferencia de los sistemas de transmisión continua, ¿cómo obtiene la información de la vía el equipo embarcado del sistema de protección ASFA?;A) Mediante una conexión de radio bidireccional constante a través de la red GSM-R.;B) De forma puntual, mediante la lectura de balizas unidireccionales instaladas en la vía (habitualmente una previa a 300 metros y otra a pie de señal).;C) A través de un cable radiante o de vía extendido longitudinalmente por el eje del trayecto.;D) Mediante la inyección de una corriente eléctrica codificada a través del patín de los carriles.;B;El sistema ASFA es de transmisión puntual mediante balizas unidireccionales situadas en la vía, las cuales proporcionan información del aspecto de la señal más próxima, ofreciendo una supervisión semicontinua [15, 16].
Conocimientos Ferroviarios;6. ¿Por qué en la explotación ferroviaria es estrictamente necesario que una parada o reducción de velocidad esté anunciada por señales previas con gran antelación?;A) Para cumplir imperativamente con los requisitos estéticos de las normativas de interoperabilidad europeas.;B) Porque el sistema de radiotelefonía Tren-Tierra tiene un retardo de transmisión de varios segundos.;C) Por las características físicas del ferrocarril, donde la baja adherencia rueda-carril y las grandes masas requieren distancias de frenado muy extensas.;D) Para permitir que las subestaciones eléctricas adapten la tensión de la catenaria de 3.000 V a 25.000 V.;C;Dadas las condiciones físicas del ferrocarril (el poco rozamiento y baja adherencia rueda-carril, sumado a las grandes masas), las detenciones o reducciones requieren grandes distancias de frenado, por lo que deben anunciarse siempre con antelación suficiente [17-19].
Conocimientos Ferroviarios;7. El sistema ETCS (European Train Control System) dispone de varios niveles de implantación. ¿Qué tecnología de radiotelefonía utiliza como soporte indispensable para la comunicación continua bidireccional tren-vía en el Nivel 2?;A) El sistema analógico Tren-Tierra (Modalidad C).;B) La red Wi-Fi de banda ancha de las estaciones y terminales logísticas.;C) El sistema GSM-R (estándar europeo interoperable).;D) Las eurobalizas pasivas y unidireccionales de la infraestructura.;C;El GSM-R es el sistema de radiotelefonía interoperable europeo que se desarrolla en paralelo al ETCS, ya que, concretamente en el Nivel 2, es el soporte vital para la comunicación bidireccional continua entre el tren y la vía [16, 20, 21].
Conocimientos Ferroviarios;8. En el sistema de radiotelefonía analógica Tren-Tierra convencional, ¿para qué se utiliza específicamente la 'Modalidad C' de comunicación?;A) Para las comunicaciones exclusivas de emergencia que detienen automáticamente a todos los trenes de la línea.;B) Para las comunicaciones rutinarias entre el Maquinista y el Centro de Regulación durante la circulación en plena vía.;C) Para la realización exclusiva de maniobras, utilizando el sistema de tipo PTT (Push To Talk).;D) Para la conexión constante de datos de los equipos de protección ETCS Nivel 1.;C;El sistema Tren-Tierra tiene dos modalidades principales: la A, para comunicaciones rutinarias durante la circulación, y la C, que es utilizada específicamente para la realización de maniobras mediante el sistema tipo PTT (Push To Talk) [20].
Conocimientos Ferroviarios;9. ¿Cuál es el principio de funcionamiento por el que un sistema de 'contador de ejes' determina que un cantón de bloqueo ha quedado totalmente libre?;A) Al dejar de detectarse el cortocircuito (shuntado) de la corriente eléctrica entre los carriles de la vía.;B) Cuando el detector situado a la salida descuenta exactamente la misma cantidad de ejes que fueron registrados por el detector de entrada.;C) Mediante un haz de luz láser que verifica visualmente la ausencia del disco reflectante de la cola del tren.;D) Cuando el Centro de Regulación de la Circulación (CRC) recibe la llamada del Maquinista confirmando la liberación del trayecto.;B;"A diferencia del circuito de vía, en el contador de ejes se delimita la sección por dos detectores; el cantón se considera ocupado mientras no se descuente a la salida la misma cantidad exacta de ejes que hayan entrado [22]."
Conocimientos Ferroviarios;10. Si comparamos la transmisión y la supervisión de los distintos sistemas de protección instalados en la RFIG, es correcto afirmar que:;A) ASFA ofrece una supervisión continua gracias a la comunicación bidireccional permanente de sus balizas.;B) LZB ofrece una transmisión exclusivamente puntual y una supervisión semicontinua de la velocidad límite.;C) ETCS Nivel 1 ofrece una transmisión puntual (mediante eurobalizas) y una supervisión continua a lo largo del trayecto.;D) El sistema Tren-Tierra es el encargado de ofrecer la supervisión de velocidad más avanzada y restrictiva en la red convencional.;C;Según la tabla comparativa de sistemas, el ETCS N1 utiliza transmisión puntual unidireccional vía eurobalizas, pero, a diferencia del ASFA, mantiene una supervisión continua de la curva de velocidad del tren [16].
Actividad Comercial;Según las normas aplicables a los viajeros contenidas en las Condiciones Generales, ¿cómo deberán acceder o abandonar el tren?;Únicamente en las paradas establecidas al efecto, cuando el tren se encuentre plenamente parado.;Siempre por la puerta más cercana a la cabina de conducción, en cualquier caso.;Podrán hacerlo en movimiento si el personal de intervención lo autoriza excepcionalmente.;Generalmente en cualquier parada técnica, aunque no esté establecida al efecto para viajeros.;A;La opción correcta refleja literalmente la norma de acceder/abandonar el tren cuando se encuentre plenamente parado únicamente en las paradas establecidas al efecto. Los distractores introducen trampas de excepcionalidad o términos absolutos falsos.
Actividad Comercial;En el control de acceso al tren o en ruta, ¿qué facultad tiene el personal encargado de la supervisión de los títulos de transporte respecto a la identificación de los clientes?;Deberá solicitar siempre la identificación de todos los clientes mediante el Libro de Familia sin excepción.;Podrá solicitar la identificación aleatoria o de todos los clientes mediante documentos identificativos vigentes con fotografía.;Únicamente podrá solicitar la identificación aleatoria antes de abandonar la estación de destino y en ningún caso al acceder.;Podrá solicitar la identificación excepcionalmente si el billete tiene un valor superior a 50 euros.;B;El texto indica literalmente que 'podrá solicitar la identificación aleatoria o de todos los clientes'. Los distractores juegan con plazos incorrectos y prohibiciones absolutas.
Actividad Comercial;Según las condiciones del ABONO PASE VÍA, ¿con qué antelación mínima se admite la anulación de la reserva del viaje sin coste asociado para el cliente?;Con una antelación mínima de 60 minutos.;Con una antelación mínima de 24 horas naturales antes de la salida.;En ningún caso se admite la anulación sin coste asociado para el cliente.;Deberá anularse siempre 5 minutos antes del cierre del acceso al tren.;A;El documento indica expresamente que se admite la anulación de la reserva sin coste con una antelación mínima de 60 minutos. Los distractores juegan con plazos incorrectos y prohibiciones absolutas.
Actividad Comercial;Para la emisión de un justificante o billete de continuidad por parte de Renfe ante un retraso o cancelación, ¿cuál es el tiempo mínimo que debe haber entre conexiones?;45 minutos cuando la conexión se realice en la misma estación y 30 minutos si es en diferentes estaciones.;Siempre 60 minutos cuando la conexión se realice en la misma localidad, sin excepción.;30 minutos cuando la conexión se realice en la misma estación y 45 minutos si la conexión es en diferentes estaciones de la misma localidad.;No se exigirá en ningún caso un tiempo mínimo entre conexiones para emitir el justificante.;C;El texto fija 30 minutos en la misma estación y 45 minutos en diferentes estaciones de la misma localidad. El distractor A intercambia los plazos y los demás usan términos absolutos o falsos.
Actividad Comercial;Según la Normativa Comercial (T.E. Nº 1 III.3), a partir del 15 de julio de 2025, ¿qué ocurrirá con el Compromiso Voluntario de Puntualidad por motivos de causa de fuerza mayor?;Se aplicará siempre el Compromiso Voluntario de Puntualidad exclusivamente en Servicios Comerciales.;Se aplicará únicamente en Servicio Público de manera excepcional.;Deberá aplicarse excepcionalmente una indemnización tasada del 50%.;No será aplicado el Compromiso Voluntario de Puntualidad ni otras indemnizaciones de carácter facultativo u opcional.;D;La norma establece literalmente que por causa de fuerza mayor no será aplicado el Compromiso Voluntario de Puntualidad ni otras indemnizaciones. Los distractores obligan a su aplicación o limitan el servicio.
Actividad Comercial;En relación con el ABONO PASE VÍA, ¿qué sucede si se produce un primer cobro fallido en la tarjeta bancaria del usuario?;Transcurridos 30 días hábiles, perderá definitivamente el derecho a realizar nuevas reservas.;Se le cancelarán automáticamente y en todos los casos todas las reservas vigentes del trimestre.;Desde el primer cobro fallido el viajero perderá el derecho a realizar nuevas reservas hasta que regularice la situación.;Podrá seguir realizando reservas excepcionalmente durante tres días naturales hasta el segundo cobro.;C;El texto indica que 'Desde el primer cobro fallido el viajero perderá el derecho a realizar nuevas reservas hasta que regularice la situación'. Las demás opciones introducen plazos falsos (30 días, 3 días) o cancelaciones automáticas inventadas.
II Plan de Igualdad;Según el II Plan de Igualdad de Género del Grupo Renfe, ¿cuándo se publicó en el Boletín Oficial del Estado (BOE) el protocolo para la prevención y el tratamiento de los casos de acoso?;El 10 de marzo de 2010 por la Dirección General de Trabajadores.;El 24 de marzo de 2007, con la entrada de la Ley Orgánica 3/2007.;El 24 de marzo de 2010, mediante la Resolución de 10 de marzo de 2010.;El 22 de marzo de 2014 por orden exclusiva del Consejo de Ministros.;C;El texto recoge que el protocolo está publicado en el BOE de fecha 24 de marzo de 2010. Los distractores juegan con las fechas de la resolución (10 de marzo), la Ley Orgánica (2007) y resoluciones del Consejo de Ministros.
II Plan de Igualdad;En los procesos de selección externa, el Grupo Renfe incorporará un texto garantizando que los criterios de selección fomentarán el equilibrio de género y el incremento del género subrepresentado:;En todos los casos y con carácter obligatorio, priorizando siempre a las mujeres.;En lo posible, tras respetar los principios de igualdad, mérito y capacidad.;Únicamente y de forma excepcional cuando la diferencia de género sea superior al 25%.;Generalmente sin respetar los principios de mérito, si la subrepresentación supera el 10%.;B;El texto oficial indica que se fomentará 'en lo posible', tras 'respetar los principios de igualdad, mérito y capacidad'. Los distractores usan términos absolutos y obligaciones no contempladas.
II Plan de Igualdad;¿Qué colectivo está excluido de regirse por las condiciones de trabajo reguladas en el Convenio Colectivo de Grupo debido a condiciones especiales pactadas?;Todo el personal de Mandos Intermedios y Estructura de Apoyo sin excepción.;Ninguno, en ningún caso, pues toda la plantilla se rige siempre por el Convenio Colectivo.;El personal de estructura de dirección, que conforma el equipo directivo de cada una de las sociedades.;Exclusivamente el personal de conducción que se encuentra en periodo de pruebas.;C;El documento excluye explícitamente al personal de estructura de dirección. Los distractores falsifican esto aplicando la norma a todos o a colectivos equivocados como mandos intermedios o conducción.
II Plan de Igualdad;Según el análisis sobre la promoción profesional del diagnóstico, ¿por qué vías puede producirse la promoción en todas las sociedades del Grupo Renfe?;Por la vía de la antigüedad en el subgrupo profesional correspondiente o por la vía de la convocatoria.;Única y exclusivamente por la vía de la convocatoria de libre designación del director correspondiente.;Generalmente por antigüedad, y excepcionalmente por designación directa de la Comisión de Seguimiento.;En ningún caso por antigüedad, debiendo realizarse siempre mediante procesos de selección externos.;A;El diagnóstico indica literalmente que la promoción puede producirse por antigüedad o por convocatoria. Los distractores introducen prohibiciones o designaciones directas que no existen.
II Plan de Igualdad;Respecto a la vigencia y revisión del II Plan de Igualdad de Género, ¿qué plazos establece el documento?;Una vigencia improrrogable de dos años y una revisión integral transcurridos cuatro años.;Una vigencia indefinida con revisiones anuales obligatorias por parte del Ministerio.;Una vigencia temporal de cuatro años, considerando necesaria una revisión integral una vez transcurridos dos años desde su implantación.;Una vigencia de cuatro años, revisada mensualmente de forma excepcional por el Observatorio de Igualdad.;C;Se establece una vigencia temporal de cuatro años y una revisión integral a los dos años de su implantación. Las otras opciones invierten los plazos o inventan revisiones mensuales o anuales.
II Plan de Igualdad;Según el documento, ¿cuál es el objetivo central de la auditoría retributiva en el Grupo Renfe?;Sancionar económicamente siempre a los departamentos que superen un 25% de brecha salarial.;Obtener la información necesaria para comprobar si el sistema retributivo de la empresa cumple con la aplicación efectiva del principio de igualdad entre mujeres y hombres.;Informar exclusivamente a la Comisión Nacional de los Mercados y la Competencia sobre los desajustes salariales.;Reducir obligatoriamente en 30 días hábiles las diferencias salariales detectadas en la Estructura de Dirección.;B;El texto cita textualmente el objetivo de 'obtener la información necesaria para comprobar si el sistema retributivo de la empresa... cumple con la aplicación efectiva del principio de igualdad'. Los distractores introducen sanciones o plazos falsos.
Cultura de Seguridad;En el modelo de la Cultura de Seguridad, ¿qué proporciona la confianza basada en la coherencia entre el mensaje y su práctica según la definición de 'Lo que realmente hacemos'?;Los comportamientos de las personas a través de los que se da efectividad a las creencias.;Las normas exclusivas recogidas en el Sistema de Gestión de Seguridad que todos deben memorizar.;Las creencias y valores inalterables arraigados únicamente en la alta dirección de la empresa.;En ningún caso se relaciona con comportamientos, sino siempre con auditorías externas certificadas.;A;'Lo que realmente hacemos' se define en el texto como 'los comportamientos de las personas a través de los que se da efectividad a las creencias'. Los distractores mezclan la definición con 'lo que decimos' o 'lo que creemos' y términos falsos.
Cultura de Seguridad;Dentro de las Líneas Estratégicas para el cambio, ¿cuál es el propósito específico de la línea estratégica LE.02?;Mejorar siempre y de forma exclusiva la vigilancia y digitalización de los sistemas de información.;Garantizar excepcionalmente la implicación de toda la organización en la gestión de riesgos en vía.;Aplicar en todos los casos el régimen sancionador a los infractores de la normativa ferroviaria.;La capacitación de las personas para que puedan afrontar con éxito sus responsabilidades en seguridad.;D;El manual señala que la LE.02 es la capacitación de las personas para que puedan afrontar sus responsabilidades. Las otras opciones mezclan esta línea con la LE.05 (digitalización) o la LE.03 (implicación).
Cultura de Seguridad;Según el apartado de 'Consideraciones finales', para superar las resistencias al cambio y alcanzar la Cultura de Seguridad deseada, debemos garantizar entre otros aspectos:;La total eliminación del Sistema de Gestión de Seguridad (SGS) para evitar duplicidades documentales.;Un ejercicio efectivo del liderazgo, una distribución de las funciones y competencias, y especialistas capacitados para la gestión de riesgos.;Únicamente un liderazgo impositivo y delegar todas las responsabilidades en la Agencia Ferroviaria de la UE (ERA).;Siempre una centralización exclusiva de la gestión de riesgos en la Dirección General de Renfe.;B;El texto menciona exactamente garantizar un ejercicio efectivo del liderazgo, una distribución de funciones y especialistas capacitados. Los distractores hablan de eliminar el SGS o centralizar responsabilidades, lo cual es contrario al espíritu del manual.
Cultura de Seguridad;Según la Organización de Aviación Civil Internacional (OACI, 2009) citada en el documento, ¿qué percepción errónea se creó al gestionar todo el proceso en la oficina de seguridad operacional?;Que todos los trabajadores eran siempre responsables solidarios de las infracciones en la línea.;Que debía paralizarse inmediatamente toda la operación en caso de detectarse cualquier anomalía menor.;Que los asuntos de seguridad operacional no eran responsabilidad del gerente de línea.;Que la formación en seguridad debía externalizarse obligatoriamente en todos los casos.;C;La OACI indica que este enfoque creó la percepción de que los asuntos de seguridad no eran responsabilidad del gerente de línea, desvinculando la seguridad de las operaciones.
Cultura de Seguridad;Según el atributo AE1 de la Agencia Ferroviaria de la Unión Europea (ERA), ¿qué debe suceder cuando la seguridad entra en competencia con otros objetivos de la organización?;Podrá verse comprometida excepcionalmente si lo autoriza el Centro de Gestión de forma fundamentada.;En todos los casos deberá primar el objetivo comercial de la compañía sobre los protocolos técnicos.;Generalmente cederá su prioridad frente a la necesidad de mantener la puntualidad de los trenes AVLO.;La seguridad no debe verse comprometida al entrar en competencia con otros objetivos.;D;El atributo AE1 establece literalmente que la seguridad no debe verse comprometida al entrar en competencia con otros objetivos. Los distractores proponen excepciones o prioridades falsas.
Cultura de Seguridad;Según la fase del Ciclo de mejora continua del Plan de Transformación, ¿qué periodicidad debe tener preferentemente este proceso iterativo?;Periodicidad mensual ineludiblemente para garantizar su eficacia a corto plazo.;Periodicidad anual preferentemente, siendo un proceso iterativo que evalúe la madurez de la Cultura de Seguridad.;Únicamente cada cuatro años, de forma obligatoria tras la renovación del Convenio Colectivo.;En ningún caso se establecerá una periodicidad fija, aplicándose excepcionalmente tras un accidente.;B;El texto indica literalmente 'Un ciclo de mejora continua debe tener periodicidad anual preferentemente'. Las demás opciones mienten con plazos (mensual, 4 años) o inventan la falta de periodicidad.
Experiencia de Cliente;En el Grupo Renfe trabajan aproximadamente 16.000 personas cada día, ¿cuál es el objetivo mencionado en el texto que persiguen respecto a los clientes?;Obtener siempre el mayor índice de rentabilidad comercial por encima de la calidad del servicio.;Ofrecer el mejor servicio a sus clientes con la mayor calidad, seguridad y puntualidad.;Asegurar en todos los casos el cumplimiento del horario por encima de la seguridad operacional.;Disminuir los costes operativos diarios prescindiendo excepcionalmente de la atención personal.;B;El texto señala que trabajan 16.000 personas para 'ofrecer el mejor servicio a sus clientes con la mayor calidad, seguridad y puntualidad'. Las opciones falsas oponen rentabilidad o puntualidad a la seguridad y la calidad.
Experiencia de Cliente;Respecto a las directrices de la Real Academia Española de la Lengua (RAE) aplicadas en el documento, ¿cómo se utiliza el término masculino?;Como término exclusivo y restrictivo aplicable únicamente a los trabajadores varones del Grupo Renfe.;Deberá evitarse siempre su uso, empleando el femenino como genérico para garantizar la paridad.;Como género gramatical no marcado e inclusivo, incluyendo individuos de ese género y también el femenino, sin discriminación alguna.;Excepcionalmente como género inclusivo, pero en ningún caso para dirigirse de forma plural a clientes.;C;El texto explica que el masculino se usa como 'género gramatical no marcado e inclusivo... sin que de esto pueda entenderse discriminación alguna'. Los distractores plantean prohibiciones absolutas o usos restrictivos.
Experiencia de Cliente;El Grupo Renfe tiene el reto de generar una cultura centrada en el cliente en toda la organización. Según el texto, ¿dónde se le debe situar?;En el centro de la actividad y en la toma de decisiones estratégicas.;Única y exclusivamente en las políticas del departamento de Atención Posventa y Reclamaciones.;Excepcionalmente en la toma de decisiones operativas de las gerencias comerciales.;En ningún caso en las decisiones estratégicas, competencia exclusiva e indelegable del Presidente.;A;Se indica literalmente que se debe situar al cliente 'en el centro de la actividad y en la toma de decisiones estratégicas'. Las otras opciones limitan esta centralidad a ciertos departamentos o la excluyen de la estrategia.
Experiencia de Cliente;Como consecuencia del reto de generar una cultura centrada en el cliente, ¿en qué ámbito formativo se ha incorporado la disciplina de Experiencia de Cliente?;En el itinerario formativo obligatorio de las nuevas incorporaciones a la compañía.;Únicamente en el curso de reciclaje de los mandos intermedios con más de 10 años de antigüedad.;Siempre y de forma opcional para el personal destinado exclusivamente a Servicios Comerciales.;En ningún caso en las fases iniciales, debiendo impartirse excepcionalmente tras el periodo de prueba.;A;El texto afirma que se ha incorporado en 'el itinerario formativo obligatorio de las nuevas incorporaciones a la compañía'. Las demás opciones cambian la obligatoriedad, el público objetivo o introducen excepciones.
Experiencia de Cliente;Según la cita de Valeria Maltoni recogida en el manual, cada interacción con un cliente insatisfecho representa:;Un perjuicio inasumible que el empleado deberá reportar siempre mediante un parte disciplinario.;Una oportunidad para demostrar el compromiso con su satisfacción y convertir una experiencia negativa en una experiencia positiva.;Una situación en la que generalmente el cliente debe ser dirigido a los canales formales de la Administración.;En ningún caso una oportunidad de mejora, sino un riesgo operativo que debe evitarse cerrando la vía de comunicación.;B;La cita exacta indica que la interacción con un cliente insatisfecho es 'una oportunidad para demostrar el compromiso con su satisfacción y convertir una experiencia negativa en una experiencia positiva'.
Experiencia de Cliente;El documento de 'Nociones básicas de Experiencia de Cliente', al ser una primera toma de contacto con la materia, ¿cómo será complementado?;Con las acciones concretas de cada colectivo, una vez se incorporen a la compañía.;Siempre con un examen psicotécnico general para todo el personal comercial y de conducción.;Excepcionalmente con una certificación externa emitida por la Comisión Nacional de los Mercados.;En ningún caso será complementado, pues se considera el manual único y excluyente para todos los colectivos.;A;El documento dice literalmente 'que será complementada con las acciones concretas de cada colectivo, una vez se incorporen a la compañía'. Los distractores inventan certificaciones o la no complementariedad.
Conocimientos Ferroviarios;Dentro de las funciones de la Agencia Ferroviaria de la Unión Europea (EUAR) en el cuarto paquete ferroviario, ¿qué tipo de autorización emite para las empresas que operen en más de un Estado miembro?;El permiso temporal de circulación y la homologación técnica de las estaciones de clasificación.;El dictamen vinculante de mercado y la sanción económica correspondiente por infracciones graves.;El certificado de seguridad único y las autorizaciones de vehículos actuando como ventanilla única.;En ningún caso emite autorizaciones, ya que esa función siempre corresponde a la AESF.;C;El texto indica que la EUAR es autoridad de autorización y certificación: 'emite autorizaciones de vehículos y el certificado de seguridad único... actuando como ventanilla única'.
Conocimientos Ferroviarios;Según el apartado sobre estaciones de los conocimientos básicos, la creación, suspensión y rotación de trenes:;Deberá realizarse siempre en plena vía si existe una bifurcación no señalizada.;Podrá realizarse excepcionalmente en plena vía siempre que lo autorice el Centro de Regulación y Control.;Debe realizarse siempre en una estación (circulación) y nunca podrá realizarse en plena vía.;En ningún caso requiere de una estación, pudiendo efectuarse generalmente en apeaderos comerciales.;C;El temario recoge que 'La creación, suspensión y rotación de trenes debe realizarse siempre en una estación (circulación) y nunca podrá realizarse en plena vía'. Los distractores permiten hacerlo en plena vía o apeaderos.
Conocimientos Ferroviarios;En el marco del personal operativo ferroviario, ¿qué concepto define la situación cuando dos Maquinistas se intercambian en la conducción durante una parada comercial?;Intervención de relevo.;Maniobra de retroceso técnico.;Relevo.;Cambio de surco operativo.;C;El texto especifica que 'Se llama relevo al paso cuando dos Maquinistas se relevan en la conducción durante una parada comercial'. Las otras opciones son inventos léxicos mezclando términos.
Conocimientos Ferroviarios;De acuerdo con el RD 929/2020 sobre los tiempos de conducción de los maquinistas, ¿cuándo se considera interrumpida la conducción continuada?;Cuando se disfrute de una pausa de 45 minutos.;En ningún caso se considera interrumpida, debiendo completarse el trayecto en su totalidad.;Cuando excepcionalmente se realice un transbordo comercial de 30 minutos.;Siempre que el tren permanezca estacionado por avería más de 12 horas ininterrumpidas.;A;El manual establece que 'La conducción continuada se considera interrumpida cuando se disfrute de una pausa de 45 minutos'. Los distractores falsean el tiempo o niegan la posibilidad de interrupción.
Conocimientos Ferroviarios;Según el glosario ferroviario, ¿qué entidad es la autoridad nacional responsable de velar por la seguridad del sistema ferroviario estatal, ejerciendo funciones de inspección y autorización?;El Administrador de Infraestructuras (AI) de Alta Velocidad.;El Ministerio de Transportes y Movilidad Sostenible de manera directa y exclusiva.;La Agencia Estatal de Seguridad Ferroviaria (AESF).;Siempre y en todos los casos el Centro de Gestión de la Operadora (Renfe).;C;El glosario define exactamente a la AESF como la 'Autoridad nacional responsable de velar por la seguridad del sistema ferroviario estatal...'. Las demás opciones intercambian el organismo por ADIF, el Ministerio o Renfe.
Conocimientos Ferroviarios;Según la definición del glosario, ¿quién es la persona jurídica responsable de la publicación de la declaración sobre la red y la adjudicación de capacidad?;La Comisión Nacional de los Mercados y la Competencia (CNMC) con carácter único.;El Administrador de infraestructuras (AI), que en España corresponde principalmente a ADIF y ADIF Alta Velocidad.;La Agencia Ferroviaria de la Unión Europea (EUAR) para todos los trazados nacionales.;"En ningún caso el AI; esta labor deberá hacerla siempre la empresa ferroviaria operadora del servicio.";B;El glosario atribuye explícitamente estas funciones (gestión, mantenimiento, publicación de la declaración sobre la red, etc.) al 'Administrador de infraestructuras (AI)'. Los distractores intercambian al AI por la CNMC, la EUAR o Renfe.
